sociedad,ejercicio,num_documento,cuenta,importe,moneda,usuario_registro
1000,2026,1900100001,5100,8284.77,MXN,MGARCIA
1000,2026,1900100002,5100,118.86,MXN,MGARCIA
1000,2026,1900100003,5100,668.48,MXN,MGARCIA
1000,2026,1900100004,5100,467.34,MXN,MGARCIA
1000,2026,1900100005,5100,16196.22,MXN,MGARCIA
1000,2026,1900100006,5100,10717.62,MXN,MGARCIA
1000,2026,1900100007,5100,47483.06,MXN,MGARCIA
1000,2026,1900100008,5100,182.31,MXN,MGARCIA
1000,2026,1900100009,5100,1844.02,MXN,MGARCIA
1000,2026,1900100010,5100,122.85,MXN,MGARCIA
1000,2026,1900100011,5100,452.81,MXN,MGARCIA
1000,2026,1900100012,5100,3281.45,MXN,MGARCIA
1000,2026,1900100013,5100,120.12,MXN,MGARCIA
1000,2026,1900100014,5100,394.92,MXN,MGARCIA
1000,2026,1900100015,5100,8905.40,MXN,MGARCIA
1000,2026,1900100016,5100,4313.45,MXN,MGARCIA
1000,2026,1900100017,5100,458.48,MXN,MGARCIA
1000,2026,1900100018,5100,5858.64,MXN,MGARCIA
1000,2026,1900100019,5100,26809.66,MXN,MGARCIA
1000,2026,1900100020,5100,104.59,MXN,MGARCIA
1000,2026,1900100021,5100,26149.16,MXN,MGARCIA
1000,2026,1900100022,5100,12428.48,MXN,MGARCIA
1000,2026,1900100023,5100,1048.94,MXN,MGARCIA
1000,2026,1900100024,5100,292.71,MXN,MGARCIA
1000,2026,1900100025,5100,74411.36,MXN,MGARCIA
1000,2026,1900100026,5100,1022.78,MXN,MGARCIA
1000,2026,1900100027,5100,189.77,MXN,MGARCIA
1000,2026,1900100028,5100,195.05,MXN,MGARCIA
1000,2026,1900100029,5100,34872.50,MXN,MGARCIA
1000,2026,1900100030,5100,6474.08,MXN,MGARCIA
1000,2026,1900100031,5100,26386.68,MXN,MGARCIA
1000,2026,1900100032,5100,15459.50,MXN,MGARCIA
1000,2026,1900100033,5100,4061.48,MXN,MGARCIA
1000,2026,1900100034,5100,83051.46,MXN,MGARCIA
1000,2026,1900100035,5100,1366.48,MXN,MGARCIA
1000,2026,1900100036,5100,4530.25,MXN,MGARCIA
1000,2026,1900100037,5100,30776.13,MXN,MGARCIA
1000,2026,1900100038,5100,7170.66,MXN,MGARCIA
1000,2026,1900100039,5100,38469.87,MXN,MGARCIA
1000,2026,1900100040,5100,5395.81,MXN,MGARCIA
1000,2026,1900100041,5100,12993.18,MXN,MGARCIA
1000,2026,1900100042,5100,137.24,MXN,MGARCIA
1000,2026,1900100043,5100,482.72,MXN,MGARCIA
1000,2026,1900100044,5100,738.18,MXN,MGARCIA
1000,2026,1900100045,5100,173.53,MXN,MGARCIA
1000,2026,1900100046,5100,499.31,MXN,MGARCIA
1000,2026,1900100047,5100,200.91,MXN,MGARCIA
1000,2026,1900100048,5100,682.21,MXN,MGARCIA
1000,2026,1900100049,5100,8073.34,MXN,MGARCIA
1000,2026,1900100050,5100,1243.07,MXN,MGARCIA
1000,2026,1900100051,5100,1289.86,MXN,MGARCIA
1000,2026,1900100052,5100,425.13,MXN,MGARCIA
1000,2026,1900100053,5100,632.31,MXN,MGARCIA
1000,2026,1900100054,5100,64560.04,MXN,MGARCIA
1000,2026,1900100055,5100,8792.37,MXN,MGARCIA
1000,2026,1900100056,5100,6720.37,MXN,MGARCIA
1000,2026,1900100057,5100,326.15,MXN,MGARCIA
1000,2026,1900100058,5100,15395.02,MXN,MGARCIA
1000,2026,1900100059,5100,309.18,MXN,MGARCIA
1000,2026,1900100060,5100,1375.20,MXN,MGARCIA
1000,2026,1900100061,5100,93018.65,MXN,MGARCIA
1000,2026,1900100062,5100,8317.62,MXN,MGARCIA
1000,2026,1900100063,5100,4686.51,MXN,MGARCIA
1000,2026,1900100064,5100,11319.90,MXN,MGARCIA
1000,2026,1900100065,5100,33771.92,MXN,MGARCIA
1000,2026,1900100066,5100,21281.38,MXN,MGARCIA
1000,2026,1900100067,5100,486.57,MXN,MGARCIA
1000,2026,1900100068,5100,124.82,MXN,MGARCIA
1000,2026,1900100069,5100,883.81,MXN,MGARCIA
1000,2026,1900100070,5100,635.66,MXN,MGARCIA
1000,2026,1900100071,5100,429.49,MXN,MGARCIA
1000,2026,1900100072,5100,67410.75,MXN,MGARCIA
1000,2026,1900100073,5100,42569.92,MXN,MGARCIA
1000,2026,1900100074,5100,879.09,MXN,MGARCIA
1000,2026,1900100075,5100,9253.71,MXN,MGARCIA
1000,2026,1900100076,5100,1537.79,MXN,MGARCIA
1000,2026,1900100077,5100,55416.97,MXN,MGARCIA
1000,2026,1900100078,5100,2379.88,MXN,MGARCIA
1000,2026,1900100079,5100,623.22,MXN,MGARCIA
1000,2026,1900100080,5100,549.39,MXN,MGARCIA
1000,2026,1900100081,5100,4831.75,MXN,MGARCIA
1000,2026,1900100082,5100,614.08,MXN,MGARCIA
1000,2026,1900100083,5100,5672.28,MXN,MGARCIA
1000,2026,1900100084,5100,49370.63,MXN,MGARCIA
1000,2026,1900100085,5100,1578.34,MXN,MGARCIA
1000,2026,1900100086,5100,454.95,MXN,MGARCIA
1000,2026,1900100087,5100,98313.42,MXN,MGARCIA
1000,2026,1900100088,5100,3377.37,MXN,MGARCIA
1000,2026,1900100089,5100,187.38,MXN,MGARCIA
1000,2026,1900100090,5100,138.47,MXN,MGARCIA
1000,2026,1900100091,5100,213.28,MXN,MGARCIA
1000,2026,1900100092,5100,7626.73,MXN,MGARCIA
1000,2026,1900100093,5100,23781.44,MXN,MGARCIA
1000,2026,1900100094,5100,1847.06,MXN,MGARCIA
1000,2026,1900100095,5100,155.09,MXN,MGARCIA
1000,2026,1900100096,5100,1395.91,MXN,MGARCIA
1000,2026,1900100097,5100,97356.32,MXN,MGARCIA
1000,2026,1900100098,5100,3866.72,MXN,MGARCIA
1000,2026,1900100099,5100,81890.80,MXN,MGARCIA
1000,2026,1900100100,5100,38224.26,MXN,MGARCIA
1000,2026,1900100101,5100,108.25,MXN,MGARCIA
1000,2026,1900100102,5100,14526.65,MXN,MGARCIA
1000,2026,1900100103,5100,11095.10,MXN,MGARCIA
1000,2026,1900100104,5100,4082.36,MXN,MGARCIA
1000,2026,1900100105,5100,631.65,MXN,MGARCIA
1000,2026,1900100106,5100,8373.08,MXN,MGARCIA
1000,2026,1900100107,5100,216.10,MXN,MGARCIA
1000,2026,1900100108,5100,2015.10,MXN,MGARCIA
1000,2026,1900100109,5100,2297.05,MXN,MGARCIA
1000,2026,1900100110,5100,72685.50,MXN,MGARCIA
1000,2026,1900100111,5100,42418.84,MXN,MGARCIA
1000,2026,1900100112,5100,616.83,MXN,MGARCIA
1000,2026,1900100113,5100,3175.11,MXN,MGARCIA
1000,2026,1900100114,5100,343.52,MXN,MGARCIA
1000,2026,1900100115,5100,54686.93,MXN,MGARCIA
1000,2026,1900100116,5100,40884.22,MXN,MGARCIA
1000,2026,1900100117,5100,785.84,MXN,MGARCIA
1000,2026,1900100118,5100,8257.50,MXN,MGARCIA
1000,2026,1900100119,5100,6712.91,MXN,MGARCIA
1000,2026,1900100120,5100,287.42,MXN,MGARCIA
1000,2026,1900100121,5100,19387.97,MXN,MGARCIA
1000,2026,1900100122,5100,4150.85,MXN,MGARCIA
1000,2026,1900100123,5100,21671.02,MXN,MGARCIA
1000,2026,1900100124,5100,3899.97,MXN,MGARCIA
1000,2026,1900100125,5100,100.40,MXN,MGARCIA
1000,2026,1900100126,5100,938.57,MXN,MGARCIA
1000,2026,1900100127,5100,114.40,MXN,MGARCIA
1000,2026,1900100128,5100,61276.77,MXN,MGARCIA
1000,2026,1900100129,5100,43267.88,MXN,MGARCIA
1000,2026,1900100130,5100,31260.55,MXN,MGARCIA
1000,2026,1900100131,5100,836.65,MXN,MGARCIA
1000,2026,1900100132,5100,149.20,MXN,MGARCIA
1000,2026,1900100133,5100,43055.52,MXN,MGARCIA
1000,2026,1900100134,5100,69318.37,MXN,MGARCIA
1000,2026,1900100135,5100,180.70,MXN,MGARCIA
1000,2026,1900100136,5100,2870.59,MXN,MGARCIA
1000,2026,1900100137,5100,161.30,MXN,MGARCIA
1000,2026,1900100138,5100,19134.03,MXN,MGARCIA
1000,2026,1900100139,5100,19838.25,MXN,MGARCIA
1000,2026,1900100140,5100,242.76,MXN,MGARCIA
1000,2026,1900100141,5100,2665.92,MXN,MGARCIA
1000,2026,1900100142,5100,4460.78,MXN,MGARCIA
1000,2026,1900100143,5100,623.98,MXN,MGARCIA
1000,2026,1900100144,5100,41428.49,MXN,MGARCIA
1000,2026,1900100145,5100,1859.58,MXN,MGARCIA
1000,2026,1900100146,5100,431.91,MXN,MGARCIA
1000,2026,1900100147,5100,4148.47,MXN,MGARCIA
1000,2026,1900100148,5100,15480.79,MXN,MGARCIA
1000,2026,1900100149,5100,401.29,MXN,MGARCIA
1000,2026,1900100150,5100,861.29,MXN,MGARCIA
1000,2026,1900100151,5100,96704.81,MXN,MGARCIA
1000,2026,1900100152,5100,8905.01,MXN,MGARCIA
1000,2026,1900100153,5100,2062.06,MXN,MGARCIA
1000,2026,1900100154,5100,3570.49,MXN,MGARCIA
1000,2026,1900100155,5100,230.68,MXN,MGARCIA
1000,2026,1900100156,5100,472.16,MXN,MGARCIA
1000,2026,1900100157,5100,1033.37,MXN,MGARCIA
1000,2026,1900100158,5100,5820.04,MXN,MGARCIA
1000,2026,1900100159,5100,490.17,MXN,MGARCIA
1000,2026,1900100160,5100,457.78,MXN,MGARCIA
1000,2026,1900100161,5100,163.30,MXN,MGARCIA
1000,2026,1900100162,5100,7821.84,MXN,MGARCIA
1000,2026,1900100163,5100,486.21,MXN,MGARCIA
1000,2026,1900100164,5100,52030.74,MXN,MGARCIA
1000,2026,1900100165,5100,37923.31,MXN,MGARCIA
1000,2026,1900100166,5100,163.14,MXN,MGARCIA
1000,2026,1900100167,5100,517.62,MXN,MGARCIA
1000,2026,1900100168,5100,10160.93,MXN,MGARCIA
1000,2026,1900100169,5100,439.25,MXN,MGARCIA
1000,2026,1900100170,5100,249.42,MXN,MGARCIA
1000,2026,1900100171,5100,64053.48,MXN,MGARCIA
1000,2026,1900100172,5100,5165.70,MXN,MGARCIA
1000,2026,1900100173,5100,2618.26,MXN,MGARCIA
1000,2026,1900100174,5100,22586.99,MXN,MGARCIA
1000,2026,1900100175,5100,26453.98,MXN,MGARCIA
1000,2026,1900100176,5100,372.59,MXN,MGARCIA
1000,2026,1900100177,5100,195.34,MXN,MGARCIA
1000,2026,1900100178,5100,1964.05,MXN,MGARCIA
1000,2026,1900100179,5100,1865.24,MXN,MGARCIA
1000,2026,1900100180,5100,2518.11,MXN,MGARCIA
1000,2026,1900100181,5100,15389.61,MXN,MGARCIA
1000,2026,1900100182,5100,10473.54,MXN,MGARCIA
1000,2026,1900100183,5100,89638.72,MXN,MGARCIA
1000,2026,1900100184,5100,197.36,MXN,MGARCIA
1000,2026,1900100185,5100,1613.85,MXN,MGARCIA
1000,2026,1900100186,5100,1042.10,MXN,MGARCIA
1000,2026,1900100187,5100,38460.74,MXN,MGARCIA
1000,2026,1900100188,5100,557.15,MXN,MGARCIA
1000,2026,1900100189,5100,372.07,MXN,MGARCIA
1000,2026,1900100190,5100,2217.38,MXN,MGARCIA
1000,2026,1900100191,5100,1843.51,MXN,MGARCIA
1000,2026,1900100192,5100,684.91,MXN,MGARCIA
1000,2026,1900100193,5100,561.59,MXN,MGARCIA
1000,2026,1900100194,5100,58856.82,MXN,MGARCIA
1000,2026,1900100195,5100,2134.97,MXN,MGARCIA
1000,2026,1900100196,5100,38374.91,MXN,MGARCIA
1000,2026,1900100197,5100,4476.88,MXN,MGARCIA
1000,2026,1900100198,5100,141.83,MXN,MGARCIA
1000,2026,1900100199,5100,99505.57,MXN,MGARCIA
1000,2026,1900100200,5100,32216.83,MXN,MGARCIA
1000,2026,1900100201,5100,80721.42,MXN,MGARCIA
1000,2026,1900100202,5100,60131.35,MXN,MGARCIA
1000,2026,1900100203,5100,35163.10,MXN,MGARCIA
1000,2026,1900100204,5100,315.45,MXN,MGARCIA
1000,2026,1900100205,5100,2863.67,MXN,MGARCIA
1000,2026,1900100206,5100,437.77,MXN,MGARCIA
1000,2026,1900100207,5100,1596.32,MXN,MGARCIA
1000,2026,1900100208,5100,149.94,MXN,MGARCIA
1000,2026,1900100209,5100,1370.63,MXN,MGARCIA
1000,2026,1900100210,5100,90349.66,MXN,MGARCIA
1000,2026,1900100211,5100,624.61,MXN,MGARCIA
1000,2026,1900100212,5100,22501.52,MXN,MGARCIA
1000,2026,1900100213,5100,2317.53,MXN,MGARCIA
1000,2026,1900100214,5100,1857.90,MXN,MGARCIA
1000,2026,1900100215,5100,74465.12,MXN,MGARCIA
1000,2026,1900100216,5100,96887.57,MXN,MGARCIA
1000,2026,1900100217,5100,4648.42,MXN,MGARCIA
1000,2026,1900100218,5100,14296.34,MXN,MGARCIA
1000,2026,1900100219,5100,291.33,MXN,MGARCIA
1000,2026,1900100220,5100,776.47,MXN,MGARCIA
1000,2026,1900100221,5100,80561.60,MXN,MGARCIA
1000,2026,1900100222,5100,5464.38,MXN,MGARCIA
1000,2026,1900100223,5100,4232.39,MXN,MGARCIA
1000,2026,1900100224,5100,17535.84,MXN,MGARCIA
1000,2026,1900100225,5100,148.42,MXN,MGARCIA
1000,2026,1900100226,5100,5656.30,MXN,MGARCIA
1000,2026,1900100227,5100,3225.16,MXN,MGARCIA
1000,2026,1900100228,5100,36154.28,MXN,MGARCIA
1000,2026,1900100229,5100,296.69,MXN,MGARCIA
1000,2026,1900100230,5100,76267.01,MXN,MGARCIA
1000,2026,1900100231,5100,173.91,MXN,MGARCIA
1000,2026,1900100232,5100,360.97,MXN,MGARCIA
1000,2026,1900100233,5100,6096.85,MXN,MGARCIA
1000,2026,1900100234,5100,10608.10,MXN,MGARCIA
1000,2026,1900100235,5100,507.71,MXN,MGARCIA
1000,2026,1900100236,5100,228.91,MXN,MGARCIA
1000,2026,1900100237,5100,46866.44,MXN,MGARCIA
1000,2026,1900100238,5100,547.83,MXN,MGARCIA
1000,2026,1900100239,5100,6075.16,MXN,MGARCIA
1000,2026,1900100240,5100,7213.48,MXN,MGARCIA
1000,2026,1900100241,5100,1809.98,MXN,MGARCIA
1000,2026,1900100242,5100,5636.60,MXN,MGARCIA
1000,2026,1900100243,5100,3701.25,MXN,MGARCIA
1000,2026,1900100244,5100,63696.97,MXN,MGARCIA
1000,2026,1900100245,5100,409.99,MXN,MGARCIA
1000,2026,1900100246,5100,14079.12,MXN,MGARCIA
1000,2026,1900100247,5100,520.07,MXN,MGARCIA
1000,2026,1900100248,5100,1539.42,MXN,MGARCIA
1000,2026,1900100249,5100,10353.11,MXN,MGARCIA
1000,2026,1900100250,5100,794.31,MXN,MGARCIA
1000,2026,1900100251,5100,888.24,MXN,MGARCIA
1000,2026,1900100252,5100,18013.31,MXN,MGARCIA
1000,2026,1900100253,5100,165.06,MXN,MGARCIA
1000,2026,1900100254,5100,2370.59,MXN,MGARCIA
1000,2026,1900100255,5100,98938.04,MXN,MGARCIA
1000,2026,1900100256,5100,97339.55,MXN,MGARCIA
1000,2026,1900100257,5100,165.88,MXN,MGARCIA
1000,2026,1900100258,5100,435.98,MXN,MGARCIA
1000,2026,1900100259,5100,624.60,MXN,MGARCIA
1000,2026,1900100260,5100,63063.51,MXN,MGARCIA
1000,2026,1900100261,5100,43912.94,MXN,MGARCIA
1000,2026,1900100262,5100,43432.09,MXN,MGARCIA
1000,2026,1900100263,5100,1284.05,MXN,MGARCIA
1000,2026,1900100264,5100,297.33,MXN,MGARCIA
1000,2026,1900100265,5100,31712.82,MXN,MGARCIA
1000,2026,1900100266,5100,12900.89,MXN,MGARCIA
1000,2026,1900100267,5100,6839.64,MXN,MGARCIA
1000,2026,1900100268,5100,91558.61,MXN,MGARCIA
1000,2026,1900100269,5100,9160.71,MXN,MGARCIA
1000,2026,1900100270,5100,105.55,MXN,MGARCIA
1000,2026,1900100271,5100,28269.13,MXN,MGARCIA
1000,2026,1900100272,5100,790.93,MXN,MGARCIA
1000,2026,1900100273,5100,9776.11,MXN,MGARCIA
1000,2026,1900100274,5100,65582.81,MXN,MGARCIA
1000,2026,1900100275,5100,252.86,MXN,MGARCIA
1000,2026,1900100276,5100,221.97,MXN,MGARCIA
1000,2026,1900100277,5100,209.46,MXN,MGARCIA
1000,2026,1900100278,5100,4567.42,MXN,MGARCIA
1000,2026,1900100279,5100,656.21,MXN,MGARCIA
1000,2026,1900100280,5100,6523.63,MXN,MGARCIA
1000,2026,1900100281,5100,14217.94,MXN,MGARCIA
1000,2026,1900100282,5100,408.12,MXN,MGARCIA
1000,2026,1900100283,5100,7993.07,MXN,MGARCIA
1000,2026,1900100284,5100,619.37,MXN,MGARCIA
1000,2026,1900100285,5100,2921.43,MXN,MGARCIA
1000,2026,1900100286,5100,52000.73,MXN,MGARCIA
1000,2026,1900100287,5100,34539.11,MXN,MGARCIA
1000,2026,1900100288,5100,189.19,MXN,MGARCIA
1000,2026,1900100289,5100,1865.21,MXN,MGARCIA
1000,2026,1900100290,5100,676.15,MXN,MGARCIA
1000,2026,1900100291,5100,102.48,MXN,MGARCIA
1000,2026,1900100292,5100,20575.84,MXN,MGARCIA
1000,2026,1900100293,5100,8153.43,MXN,MGARCIA
1000,2026,1900100294,5100,610.75,MXN,MGARCIA
1000,2026,1900100295,5100,16737.58,MXN,MGARCIA
1000,2026,1900100296,5100,4518.99,MXN,MGARCIA
1000,2026,1900100297,5100,1918.94,MXN,MGARCIA
1000,2026,1900100298,5100,106.91,MXN,MGARCIA
1000,2026,1900100299,5100,168.16,MXN,MGARCIA
1000,2026,1900100300,5100,44598.39,MXN,MGARCIA
1000,2026,1900100301,5100,51497.45,MXN,MGARCIA
1000,2026,1900100302,5100,4332.82,MXN,MGARCIA
1000,2026,1900100303,5100,31899.59,MXN,MGARCIA
1000,2026,1900100304,5100,5591.50,MXN,MGARCIA
1000,2026,1900100305,5100,278.15,MXN,MGARCIA
1000,2026,1900100306,5100,241.18,MXN,MGARCIA
1000,2026,1900100307,5100,840.96,MXN,MGARCIA
1000,2026,1900100308,5100,49767.34,MXN,MGARCIA
1000,2026,1900100309,5100,24454.96,MXN,MGARCIA
1000,2026,1900100310,5100,38203.90,MXN,MGARCIA
1000,2026,1900100311,5100,49747.80,MXN,MGARCIA
1000,2026,1900100312,5100,426.81,MXN,MGARCIA
1000,2026,1900100313,5100,560.52,MXN,MGARCIA
1000,2026,1900100314,5100,203.41,MXN,MGARCIA
1000,2026,1900100315,5100,21895.19,MXN,MGARCIA
1000,2026,1900100316,5100,44916.31,MXN,MGARCIA
1000,2026,1900100317,5100,1656.27,MXN,MGARCIA
1000,2026,1900100318,5100,7277.54,MXN,MGARCIA
1000,2026,1900100319,5100,290.84,MXN,MGARCIA
1000,2026,1900100320,5100,61608.84,MXN,MGARCIA
1000,2026,1900100321,5100,39247.96,MXN,MGARCIA
1000,2026,1900100322,5100,84843.41,MXN,MGARCIA
1000,2026,1900100323,5100,27059.21,MXN,MGARCIA
1000,2026,1900100324,5100,44080.71,MXN,MGARCIA
1000,2026,1900100325,5100,118.67,MXN,MGARCIA
1000,2026,1900100326,5100,16206.66,MXN,MGARCIA
1000,2026,1900100327,5100,992.10,MXN,MGARCIA
1000,2026,1900100328,5100,62007.99,MXN,MGARCIA
1000,2026,1900100329,5100,25509.70,MXN,MGARCIA
1000,2026,1900100330,5100,39101.38,MXN,MGARCIA
1000,2026,1900100331,5100,27055.03,MXN,MGARCIA
1000,2026,1900100332,5100,631.56,MXN,MGARCIA
1000,2026,1900100333,5100,23020.97,MXN,MGARCIA
1000,2026,1900100334,5100,211.00,MXN,MGARCIA
1000,2026,1900100335,5100,41352.36,MXN,MGARCIA
1000,2026,1900100336,5100,37651.28,MXN,MGARCIA
1000,2026,1900100337,5100,464.84,MXN,MGARCIA
1000,2026,1900100338,5100,28168.25,MXN,MGARCIA
1000,2026,1900100339,5100,2403.86,MXN,MGARCIA
1000,2026,1900100340,5100,823.33,MXN,MGARCIA
1000,2026,1900100341,5100,24324.08,MXN,MGARCIA
1000,2026,1900100342,5100,481.71,MXN,MGARCIA
1000,2026,1900100343,5100,117.76,MXN,MGARCIA
1000,2026,1900100344,5100,379.66,MXN,MGARCIA
1000,2026,1900100345,5100,965.57,MXN,MGARCIA
1000,2026,1900100346,5100,39179.49,MXN,MGARCIA
1000,2026,1900100347,5100,79554.97,MXN,MGARCIA
1000,2026,1900100348,5100,687.66,MXN,MGARCIA
1000,2026,1900100349,5100,8403.21,MXN,MGARCIA
1000,2026,1900100350,5100,1581.38,MXN,MGARCIA
1000,2026,1900100351,5100,87790.81,MXN,MGARCIA
1000,2026,1900100352,5100,4061.13,MXN,MGARCIA
1000,2026,1900100353,5100,65722.10,MXN,MGARCIA
1000,2026,1900100354,5100,221.83,MXN,MGARCIA
1000,2026,1900100355,5100,81508.30,MXN,MGARCIA
1000,2026,1900100356,5100,343.32,MXN,MGARCIA
1000,2026,1900100357,5100,77197.45,MXN,MGARCIA
1000,2026,1900100358,5100,625.75,MXN,MGARCIA
1000,2026,1900100359,5100,211.45,MXN,MGARCIA
1000,2026,1900100360,5100,2012.29,MXN,MGARCIA
1000,2026,1900100361,5100,15333.28,MXN,MGARCIA
1000,2026,1900100362,5100,873.04,MXN,MGARCIA
1000,2026,1900100363,5100,6586.07,MXN,MGARCIA
1000,2026,1900100364,5100,3421.91,MXN,MGARCIA
1000,2026,1900100365,5100,1430.82,MXN,MGARCIA
1000,2026,1900100366,5100,5367.40,MXN,MGARCIA
1000,2026,1900100367,5100,580.99,MXN,MGARCIA
1000,2026,1900100368,5100,13376.91,MXN,MGARCIA
1000,2026,1900100369,5100,101.18,MXN,MGARCIA
1000,2026,1900100370,5100,59803.35,MXN,MGARCIA
1000,2026,1900100371,5100,4124.35,MXN,MGARCIA
1000,2026,1900100372,5100,14397.60,MXN,MGARCIA
1000,2026,1900100373,5100,16820.94,MXN,MGARCIA
1000,2026,1900100374,5100,10277.45,MXN,MGARCIA
1000,2026,1900100375,5100,1237.84,MXN,MGARCIA
1000,2026,1900100376,5100,162.15,MXN,MGARCIA
1000,2026,1900100377,5100,9833.61,MXN,MGARCIA
1000,2026,1900100378,5100,978.59,MXN,MGARCIA
1000,2026,1900100379,5100,874.47,MXN,MGARCIA
1000,2026,1900100380,5100,34998.21,MXN,MGARCIA
1000,2026,1900100381,5100,14429.88,MXN,MGARCIA
1000,2026,1900100382,5100,796.10,MXN,MGARCIA
1000,2026,1900100383,5100,846.94,MXN,MGARCIA
1000,2026,1900100384,5100,1679.50,MXN,MGARCIA
1000,2026,1900100385,5100,1611.39,MXN,MGARCIA
1000,2026,1900100386,5100,770.84,MXN,MGARCIA
1000,2026,1900100387,5100,240.91,MXN,MGARCIA
1000,2026,1900100388,5100,1825.32,MXN,MGARCIA
1000,2026,1900100389,5100,66235.53,MXN,MGARCIA
1000,2026,1900100390,5100,10763.51,MXN,MGARCIA
1000,2026,1900100391,5100,51099.50,MXN,MGARCIA
1000,2026,1900100392,5100,7023.36,MXN,MGARCIA
1000,2026,1900100393,5100,799.56,MXN,MGARCIA
1000,2026,1900100394,5100,4403.64,MXN,MGARCIA
1000,2026,1900100395,5100,100.28,MXN,MGARCIA
1000,2026,1900100396,5100,725.67,MXN,MGARCIA
1000,2026,1900100397,5100,1948.34,MXN,MGARCIA
1000,2026,1900100398,5100,5494.83,MXN,MGARCIA
1000,2026,1900100399,5100,9206.97,MXN,MGARCIA
1000,2026,1900100400,5100,2482.93,MXN,MGARCIA
1000,2026,1900100401,5100,2120.70,MXN,ALOPEZ
1000,2026,1900100402,5100,437.63,MXN,ALOPEZ
1000,2026,1900100403,5100,2627.60,MXN,ALOPEZ
1000,2026,1900100404,5100,50529.21,MXN,ALOPEZ
1000,2026,1900100405,5100,24438.49,MXN,ALOPEZ
1000,2026,1900100406,5100,322.90,MXN,ALOPEZ
1000,2026,1900100407,5100,179.63,MXN,ALOPEZ
1000,2026,1900100408,5100,3518.49,MXN,ALOPEZ
1000,2026,1900100409,5100,7921.78,MXN,ALOPEZ
1000,2026,1900100410,5100,1012.90,MXN,ALOPEZ
1000,2026,1900100411,5100,28527.94,MXN,ALOPEZ
1000,2026,1900100412,5100,17923.15,MXN,ALOPEZ
1000,2026,1900100413,5100,10432.47,MXN,ALOPEZ
1000,2026,1900100414,5100,471.98,MXN,ALOPEZ
1000,2026,1900100415,5100,395.72,MXN,ALOPEZ
1000,2026,1900100416,5100,118.38,MXN,ALOPEZ
1000,2026,1900100417,5100,542.66,MXN,ALOPEZ
1000,2026,1900100418,5100,2663.23,MXN,ALOPEZ
1000,2026,1900100419,5100,35417.11,MXN,ALOPEZ
1000,2026,1900100420,5100,165.38,MXN,ALOPEZ
1000,2026,1900100421,5100,1751.15,MXN,ALOPEZ
1000,2026,1900100422,5100,7749.90,MXN,ALOPEZ
1000,2026,1900100423,5100,383.09,MXN,ALOPEZ
1000,2026,1900100424,5100,12276.17,MXN,ALOPEZ
1000,2026,1900100425,5100,3041.81,MXN,ALOPEZ
1000,2026,1900100426,5100,539.45,MXN,ALOPEZ
1000,2026,1900100427,5100,9293.39,MXN,ALOPEZ
1000,2026,1900100428,5100,103.90,MXN,ALOPEZ
1000,2026,1900100429,5100,17901.67,MXN,ALOPEZ
1000,2026,1900100430,5100,20423.89,MXN,ALOPEZ
1000,2026,1900100431,5100,208.82,MXN,ALOPEZ
1000,2026,1900100432,5100,1885.55,MXN,ALOPEZ
1000,2026,1900100433,5100,337.02,MXN,ALOPEZ
1000,2026,1900100434,5100,74799.40,MXN,ALOPEZ
1000,2026,1900100435,5100,3579.92,MXN,ALOPEZ
1000,2026,1900100436,5100,141.47,MXN,ALOPEZ
1000,2026,1900100437,5100,559.24,MXN,ALOPEZ
1000,2026,1900100438,5100,35075.92,MXN,ALOPEZ
1000,2026,1900100439,5100,2340.91,MXN,ALOPEZ
1000,2026,1900100440,5100,25365.87,MXN,ALOPEZ
1000,2026,1900100441,5100,10063.13,MXN,ALOPEZ
1000,2026,1900100442,5100,91976.60,MXN,ALOPEZ
1000,2026,1900100443,5100,6114.44,MXN,ALOPEZ
1000,2026,1900100444,5100,70813.95,MXN,ALOPEZ
1000,2026,1900100445,5100,47236.51,MXN,ALOPEZ
1000,2026,1900100446,5100,6885.84,MXN,ALOPEZ
1000,2026,1900100447,5100,14382.09,MXN,ALOPEZ
1000,2026,1900100448,5100,3268.39,MXN,ALOPEZ
1000,2026,1900100449,5100,31024.69,MXN,ALOPEZ
1000,2026,1900100450,5100,4401.65,MXN,ALOPEZ
1000,2026,1900100451,5100,49161.41,MXN,ALOPEZ
1000,2026,1900100452,5100,17020.27,MXN,ALOPEZ
1000,2026,1900100453,5100,2654.75,MXN,ALOPEZ
1000,2026,1900100454,5100,599.20,MXN,ALOPEZ
1000,2026,1900100455,5100,551.72,MXN,ALOPEZ
1000,2026,1900100456,5100,8184.35,MXN,ALOPEZ
1000,2026,1900100457,5100,19835.40,MXN,ALOPEZ
1000,2026,1900100458,5100,3663.53,MXN,ALOPEZ
1000,2026,1900100459,5100,7590.06,MXN,ALOPEZ
1000,2026,1900100460,5100,666.49,MXN,ALOPEZ
1000,2026,1900100461,5100,170.79,MXN,ALOPEZ
1000,2026,1900100462,5100,719.75,MXN,ALOPEZ
1000,2026,1900100463,5100,653.35,MXN,ALOPEZ
1000,2026,1900100464,5100,910.18,MXN,ALOPEZ
1000,2026,1900100465,5100,4173.08,MXN,ALOPEZ
1000,2026,1900100466,5100,260.09,MXN,ALOPEZ
1000,2026,1900100467,5100,494.07,MXN,ALOPEZ
1000,2026,1900100468,5100,12073.95,MXN,ALOPEZ
1000,2026,1900100469,5100,13160.05,MXN,ALOPEZ
1000,2026,1900100470,5100,155.84,MXN,ALOPEZ
1000,2026,1900100471,5100,1670.31,MXN,ALOPEZ
1000,2026,1900100472,5100,4244.57,MXN,ALOPEZ
1000,2026,1900100473,5100,1767.35,MXN,ALOPEZ
1000,2026,1900100474,5100,417.35,MXN,ALOPEZ
1000,2026,1900100475,5100,1821.51,MXN,ALOPEZ
1000,2026,1900100476,5100,51822.15,MXN,ALOPEZ
1000,2026,1900100477,5100,5652.47,MXN,ALOPEZ
1000,2026,1900100478,5100,12205.88,MXN,ALOPEZ
1000,2026,1900100479,5100,37170.30,MXN,ALOPEZ
1000,2026,1900100480,5100,19805.41,MXN,ALOPEZ
1000,2026,1900100481,5100,1384.02,MXN,ALOPEZ
1000,2026,1900100482,5100,104.16,MXN,ALOPEZ
1000,2026,1900100483,5100,1135.73,MXN,ALOPEZ
1000,2026,1900100484,5100,18214.84,MXN,ALOPEZ
1000,2026,1900100485,5100,36336.56,MXN,ALOPEZ
1000,2026,1900100486,5100,72492.16,MXN,ALOPEZ
1000,2026,1900100487,5100,1807.44,MXN,ALOPEZ
1000,2026,1900100488,5100,17480.22,MXN,ALOPEZ
1000,2026,1900100489,5100,4349.08,MXN,ALOPEZ
1000,2026,1900100490,5100,6452.94,MXN,ALOPEZ
1000,2026,1900100491,5100,458.79,MXN,ALOPEZ
1000,2026,1900100492,5100,455.27,MXN,ALOPEZ
1000,2026,1900100493,5100,2030.06,MXN,ALOPEZ
1000,2026,1900100494,5100,122.20,MXN,ALOPEZ
1000,2026,1900100495,5100,1019.50,MXN,ALOPEZ
1000,2026,1900100496,5100,10899.98,MXN,ALOPEZ
1000,2026,1900100497,5100,1632.86,MXN,ALOPEZ
1000,2026,1900100498,5100,312.70,MXN,ALOPEZ
1000,2026,1900100499,5100,2524.47,MXN,ALOPEZ
1000,2026,1900100500,5100,241.48,MXN,ALOPEZ
1000,2026,1900100501,5100,7358.19,MXN,ALOPEZ
1000,2026,1900100502,5100,120.48,MXN,ALOPEZ
1000,2026,1900100503,5100,1520.76,MXN,ALOPEZ
1000,2026,1900100504,5100,4933.74,MXN,ALOPEZ
1000,2026,1900100505,5100,120.59,MXN,ALOPEZ
1000,2026,1900100506,5100,8477.13,MXN,ALOPEZ
1000,2026,1900100507,5100,255.33,MXN,ALOPEZ
1000,2026,1900100508,5100,2427.14,MXN,ALOPEZ
1000,2026,1900100509,5100,141.53,MXN,ALOPEZ
1000,2026,1900100510,5100,1371.87,MXN,ALOPEZ
1000,2026,1900100511,5100,431.50,MXN,ALOPEZ
1000,2026,1900100512,5100,956.18,MXN,ALOPEZ
1000,2026,1900100513,5100,19217.16,MXN,ALOPEZ
1000,2026,1900100514,5100,1372.08,MXN,ALOPEZ
1000,2026,1900100515,5100,18031.40,MXN,ALOPEZ
1000,2026,1900100516,5100,31316.47,MXN,ALOPEZ
1000,2026,1900100517,5100,571.23,MXN,ALOPEZ
1000,2026,1900100518,5100,176.08,MXN,ALOPEZ
1000,2026,1900100519,5100,114.33,MXN,ALOPEZ
1000,2026,1900100520,5100,4152.00,MXN,ALOPEZ
1000,2026,1900100521,5100,99936.35,MXN,ALOPEZ
1000,2026,1900100522,5100,1121.71,MXN,ALOPEZ
1000,2026,1900100523,5100,8921.38,MXN,ALOPEZ
1000,2026,1900100524,5100,22064.76,MXN,ALOPEZ
1000,2026,1900100525,5100,9021.19,MXN,ALOPEZ
1000,2026,1900100526,5100,18310.48,MXN,ALOPEZ
1000,2026,1900100527,5100,70604.96,MXN,ALOPEZ
1000,2026,1900100528,5100,396.35,MXN,ALOPEZ
1000,2026,1900100529,5100,115.12,MXN,ALOPEZ
1000,2026,1900100530,5100,286.51,MXN,ALOPEZ
1000,2026,1900100531,5100,239.15,MXN,ALOPEZ
1000,2026,1900100532,5100,10194.75,MXN,ALOPEZ
1000,2026,1900100533,5100,4919.36,MXN,ALOPEZ
1000,2026,1900100534,5100,450.71,MXN,ALOPEZ
1000,2026,1900100535,5100,12542.81,MXN,ALOPEZ
1000,2026,1900100536,5100,19984.55,MXN,ALOPEZ
1000,2026,1900100537,5100,318.69,MXN,ALOPEZ
1000,2026,1900100538,5100,6633.50,MXN,ALOPEZ
1000,2026,1900100539,5100,17529.80,MXN,ALOPEZ
1000,2026,1900100540,5100,220.60,MXN,ALOPEZ
1000,2026,1900100541,5100,28701.43,MXN,ALOPEZ
1000,2026,1900100542,5100,78372.25,MXN,ALOPEZ
1000,2026,1900100543,5100,211.01,MXN,ALOPEZ
1000,2026,1900100544,5100,119.41,MXN,ALOPEZ
1000,2026,1900100545,5100,862.72,MXN,ALOPEZ
1000,2026,1900100546,5100,10765.69,MXN,ALOPEZ
1000,2026,1900100547,5100,74906.33,MXN,ALOPEZ
1000,2026,1900100548,5100,1548.69,MXN,ALOPEZ
1000,2026,1900100549,5100,13965.10,MXN,ALOPEZ
1000,2026,1900100550,5100,169.04,MXN,ALOPEZ
1000,2026,1900100551,5100,11798.95,MXN,ALOPEZ
1000,2026,1900100552,5100,7616.00,MXN,ALOPEZ
1000,2026,1900100553,5100,202.16,MXN,ALOPEZ
1000,2026,1900100554,5100,20770.29,MXN,ALOPEZ
1000,2026,1900100555,5100,35553.28,MXN,ALOPEZ
1000,2026,1900100556,5100,6327.54,MXN,ALOPEZ
1000,2026,1900100557,5100,230.76,MXN,ALOPEZ
1000,2026,1900100558,5100,89440.26,MXN,ALOPEZ
1000,2026,1900100559,5100,22279.53,MXN,ALOPEZ
1000,2026,1900100560,5100,1100.55,MXN,ALOPEZ
1000,2026,1900100561,5100,1928.12,MXN,ALOPEZ
1000,2026,1900100562,5100,1293.34,MXN,ALOPEZ
1000,2026,1900100563,5100,3295.20,MXN,ALOPEZ
1000,2026,1900100564,5100,1056.07,MXN,ALOPEZ
1000,2026,1900100565,5100,35377.48,MXN,ALOPEZ
1000,2026,1900100566,5100,29308.44,MXN,ALOPEZ
1000,2026,1900100567,5100,207.31,MXN,ALOPEZ
1000,2026,1900100568,5100,76271.57,MXN,ALOPEZ
1000,2026,1900100569,5100,8067.80,MXN,ALOPEZ
1000,2026,1900100570,5100,30628.23,MXN,ALOPEZ
1000,2026,1900100571,5100,13241.16,MXN,ALOPEZ
1000,2026,1900100572,5100,2025.17,MXN,ALOPEZ
1000,2026,1900100573,5100,15899.59,MXN,ALOPEZ
1000,2026,1900100574,5100,78780.95,MXN,ALOPEZ
1000,2026,1900100575,5100,646.02,MXN,ALOPEZ
1000,2026,1900100576,5100,26582.61,MXN,ALOPEZ
1000,2026,1900100577,5100,4116.41,MXN,ALOPEZ
1000,2026,1900100578,5100,2821.58,MXN,ALOPEZ
1000,2026,1900100579,5100,2026.39,MXN,ALOPEZ
1000,2026,1900100580,5100,15598.35,MXN,ALOPEZ
1000,2026,1900100581,5100,638.54,MXN,ALOPEZ
1000,2026,1900100582,5100,35903.72,MXN,ALOPEZ
1000,2026,1900100583,5100,31059.40,MXN,ALOPEZ
1000,2026,1900100584,5100,181.97,MXN,ALOPEZ
1000,2026,1900100585,5100,44146.22,MXN,ALOPEZ
1000,2026,1900100586,5100,539.00,MXN,ALOPEZ
1000,2026,1900100587,5100,2478.14,MXN,ALOPEZ
1000,2026,1900100588,5100,6776.34,MXN,ALOPEZ
1000,2026,1900100589,5100,1370.78,MXN,ALOPEZ
1000,2026,1900100590,5100,121.93,MXN,ALOPEZ
1000,2026,1900100591,5100,35715.65,MXN,ALOPEZ
1000,2026,1900100592,5100,351.17,MXN,ALOPEZ
1000,2026,1900100593,5100,432.87,MXN,ALOPEZ
1000,2026,1900100594,5100,24745.55,MXN,ALOPEZ
1000,2026,1900100595,5100,1049.58,MXN,ALOPEZ
1000,2026,1900100596,5100,43748.17,MXN,ALOPEZ
1000,2026,1900100597,5100,12692.62,MXN,ALOPEZ
1000,2026,1900100598,5100,674.23,MXN,ALOPEZ
1000,2026,1900100599,5100,107.26,MXN,ALOPEZ
1000,2026,1900100600,5100,69853.43,MXN,ALOPEZ
1000,2026,1900100601,5100,180.65,MXN,ALOPEZ
1000,2026,1900100602,5100,14461.85,MXN,ALOPEZ
1000,2026,1900100603,5100,2922.36,MXN,ALOPEZ
1000,2026,1900100604,5100,18814.56,MXN,ALOPEZ
1000,2026,1900100605,5100,11798.53,MXN,ALOPEZ
1000,2026,1900100606,5100,8663.81,MXN,ALOPEZ
1000,2026,1900100607,5100,2968.00,MXN,ALOPEZ
1000,2026,1900100608,5100,23922.06,MXN,ALOPEZ
1000,2026,1900100609,5100,190.18,MXN,ALOPEZ
1000,2026,1900100610,5100,462.16,MXN,ALOPEZ
1000,2026,1900100611,5100,11894.92,MXN,ALOPEZ
1000,2026,1900100612,5100,829.12,MXN,ALOPEZ
1000,2026,1900100613,5100,5554.78,MXN,ALOPEZ
1000,2026,1900100614,5100,2628.94,MXN,ALOPEZ
1000,2026,1900100615,5100,3915.31,MXN,ALOPEZ
1000,2026,1900100616,5100,1890.22,MXN,ALOPEZ
1000,2026,1900100617,5100,17290.45,MXN,ALOPEZ
1000,2026,1900100618,5100,982.59,MXN,ALOPEZ
1000,2026,1900100619,5100,12839.99,MXN,ALOPEZ
1000,2026,1900100620,5100,649.75,MXN,ALOPEZ
1000,2026,1900100621,5100,567.82,MXN,ALOPEZ
1000,2026,1900100622,5100,230.13,MXN,ALOPEZ
1000,2026,1900100623,5100,378.23,MXN,ALOPEZ
1000,2026,1900100624,5100,228.38,MXN,ALOPEZ
1000,2026,1900100625,5100,4051.28,MXN,ALOPEZ
1000,2026,1900100626,5100,19345.00,MXN,ALOPEZ
1000,2026,1900100627,5100,359.29,MXN,ALOPEZ
1000,2026,1900100628,5100,445.81,MXN,ALOPEZ
1000,2026,1900100629,5100,2835.28,MXN,ALOPEZ
1000,2026,1900100630,5100,14919.53,MXN,ALOPEZ
1000,2026,1900100631,5100,85078.74,MXN,ALOPEZ
1000,2026,1900100632,5100,3748.96,MXN,ALOPEZ
1000,2026,1900100633,5100,706.31,MXN,ALOPEZ
1000,2026,1900100634,5100,200.25,MXN,ALOPEZ
1000,2026,1900100635,5100,382.25,MXN,ALOPEZ
1000,2026,1900100636,5100,481.34,MXN,ALOPEZ
1000,2026,1900100637,5100,345.40,MXN,ALOPEZ
1000,2026,1900100638,5100,110.27,MXN,ALOPEZ
1000,2026,1900100639,5100,4003.18,MXN,ALOPEZ
1000,2026,1900100640,5100,665.17,MXN,ALOPEZ
1000,2026,1900100641,5100,83730.71,MXN,ALOPEZ
1000,2026,1900100642,5100,4571.69,MXN,ALOPEZ
1000,2026,1900100643,5100,12366.65,MXN,ALOPEZ
1000,2026,1900100644,5100,239.24,MXN,ALOPEZ
1000,2026,1900100645,5100,40307.29,MXN,ALOPEZ
1000,2026,1900100646,5100,2969.18,MXN,ALOPEZ
1000,2026,1900100647,5100,41510.62,MXN,ALOPEZ
1000,2026,1900100648,5100,5274.64,MXN,ALOPEZ
1000,2026,1900100649,5100,2559.71,MXN,ALOPEZ
1000,2026,1900100650,5100,2096.07,MXN,ALOPEZ
1000,2026,1900100651,5100,357.35,MXN,ALOPEZ
1000,2026,1900100652,5100,142.60,MXN,ALOPEZ
1000,2026,1900100653,5100,66556.55,MXN,ALOPEZ
1000,2026,1900100654,5100,2711.36,MXN,ALOPEZ
1000,2026,1900100655,5100,29264.89,MXN,ALOPEZ
1000,2026,1900100656,5100,1592.66,MXN,ALOPEZ
1000,2026,1900100657,5100,166.82,MXN,ALOPEZ
1000,2026,1900100658,5100,7732.81,MXN,ALOPEZ
1000,2026,1900100659,5100,144.82,MXN,ALOPEZ
1000,2026,1900100660,5100,280.28,MXN,ALOPEZ
1000,2026,1900100661,5100,4881.11,MXN,ALOPEZ
1000,2026,1900100662,5100,815.66,MXN,ALOPEZ
1000,2026,1900100663,5100,95885.82,MXN,ALOPEZ
1000,2026,1900100664,5100,226.65,MXN,ALOPEZ
1000,2026,1900100665,5100,19648.54,MXN,ALOPEZ
1000,2026,1900100666,5100,6591.02,MXN,ALOPEZ
1000,2026,1900100667,5100,23562.56,MXN,ALOPEZ
1000,2026,1900100668,5100,475.40,MXN,ALOPEZ
1000,2026,1900100669,5100,3695.88,MXN,ALOPEZ
1000,2026,1900100670,5100,2246.69,MXN,ALOPEZ
1000,2026,1900100671,5100,2128.94,MXN,ALOPEZ
1000,2026,1900100672,5100,38062.74,MXN,ALOPEZ
1000,2026,1900100673,5100,93345.58,MXN,ALOPEZ
1000,2026,1900100674,5100,824.41,MXN,ALOPEZ
1000,2026,1900100675,5100,7295.95,MXN,ALOPEZ
1000,2026,1900100676,5100,6743.61,MXN,ALOPEZ
1000,2026,1900100677,5100,16606.11,MXN,ALOPEZ
1000,2026,1900100678,5100,69625.86,MXN,ALOPEZ
1000,2026,1900100679,5100,420.11,MXN,ALOPEZ
1000,2026,1900100680,5100,429.61,MXN,ALOPEZ
1000,2026,1900100681,5100,9578.21,MXN,ALOPEZ
1000,2026,1900100682,5100,295.92,MXN,ALOPEZ
1000,2026,1900100683,5100,332.23,MXN,ALOPEZ
1000,2026,1900100684,5100,167.96,MXN,ALOPEZ
1000,2026,1900100685,5100,101.87,MXN,ALOPEZ
1000,2026,1900100686,5100,2246.52,MXN,ALOPEZ
1000,2026,1900100687,5100,6045.52,MXN,ALOPEZ
1000,2026,1900100688,5100,747.79,MXN,ALOPEZ
1000,2026,1900100689,5100,494.80,MXN,ALOPEZ
1000,2026,1900100690,5100,13208.93,MXN,ALOPEZ
1000,2026,1900100691,5100,12851.76,MXN,ALOPEZ
1000,2026,1900100692,5100,2301.94,MXN,ALOPEZ
1000,2026,1900100693,5100,11538.64,MXN,ALOPEZ
1000,2026,1900100694,5100,59119.82,MXN,ALOPEZ
1000,2026,1900100695,5100,23093.20,MXN,ALOPEZ
1000,2026,1900100696,5100,7501.95,MXN,ALOPEZ
1000,2026,1900100697,5100,9628.29,MXN,ALOPEZ
1000,2026,1900100698,5100,63241.97,MXN,ALOPEZ
1000,2026,1900100699,5100,1885.46,MXN,ALOPEZ
1000,2026,1900100700,5100,4302.17,MXN,ALOPEZ
1000,2026,1900100701,5100,8768.07,MXN,ALOPEZ
1000,2026,1900100702,5100,53117.10,MXN,ALOPEZ
1000,2026,1900100703,5100,30192.11,MXN,ALOPEZ
1000,2026,1900100704,5100,163.77,MXN,ALOPEZ
1000,2026,1900100705,5100,314.61,MXN,ALOPEZ
1000,2026,1900100706,5100,837.21,MXN,ALOPEZ
1000,2026,1900100707,5100,17655.22,MXN,ALOPEZ
1000,2026,1900100708,5100,5100.60,MXN,ALOPEZ
1000,2026,1900100709,5100,734.23,MXN,ALOPEZ
1000,2026,1900100710,5100,236.08,MXN,ALOPEZ
1000,2026,1900100711,5100,11642.17,MXN,ALOPEZ
1000,2026,1900100712,5100,12566.12,MXN,ALOPEZ
1000,2026,1900100713,5100,67302.12,MXN,ALOPEZ
1000,2026,1900100714,5100,3172.61,MXN,ALOPEZ
1000,2026,1900100715,5100,3029.60,MXN,ALOPEZ
1000,2026,1900100716,5100,174.31,MXN,ALOPEZ
1000,2026,1900100717,5100,131.70,MXN,ALOPEZ
1000,2026,1900100718,5100,1977.36,MXN,ALOPEZ
1000,2026,1900100719,5100,926.75,MXN,ALOPEZ
1000,2026,1900100720,5100,563.77,MXN,ALOPEZ
1000,2026,1900100721,5100,187.92,MXN,ALOPEZ
1000,2026,1900100722,5100,76865.83,MXN,ALOPEZ
1000,2026,1900100723,5100,32201.48,MXN,ALOPEZ
1000,2026,1900100724,5100,5316.15,MXN,ALOPEZ
1000,2026,1900100725,5100,71180.14,MXN,ALOPEZ
1000,2026,1900100726,5100,99705.07,MXN,ALOPEZ
1000,2026,1900100727,5100,10395.48,MXN,ALOPEZ
1000,2026,1900100728,5100,643.48,MXN,ALOPEZ
1000,2026,1900100729,5100,132.04,MXN,ALOPEZ
1000,2026,1900100730,5100,18569.77,MXN,ALOPEZ
1000,2026,1900100731,5100,2579.30,MXN,ALOPEZ
1000,2026,1900100732,5100,9005.93,MXN,ALOPEZ
1000,2026,1900100733,5100,56003.91,MXN,ALOPEZ
1000,2026,1900100734,5100,350.32,MXN,ALOPEZ
1000,2026,1900100735,5100,5701.50,MXN,ALOPEZ
1000,2026,1900100736,5100,8023.32,MXN,ALOPEZ
1000,2026,1900100737,5100,2986.60,MXN,ALOPEZ
1000,2026,1900100738,5100,187.81,MXN,ALOPEZ
1000,2026,1900100739,5100,1106.33,MXN,ALOPEZ
1000,2026,1900100740,5100,999.83,MXN,ALOPEZ
1000,2026,1900100741,5100,10242.37,MXN,ALOPEZ
1000,2026,1900100742,5100,37428.23,MXN,ALOPEZ
1000,2026,1900100743,5100,975.91,MXN,ALOPEZ
1000,2026,1900100744,5100,12050.94,MXN,ALOPEZ
1000,2026,1900100745,5100,732.24,MXN,ALOPEZ
1000,2026,1900100746,5100,68482.66,MXN,ALOPEZ
1000,2026,1900100747,5100,27586.60,MXN,ALOPEZ
1000,2026,1900100748,5100,4469.82,MXN,ALOPEZ
1000,2026,1900100749,5100,2314.61,MXN,ALOPEZ
1000,2026,1900100750,5100,878.12,MXN,ALOPEZ
1000,2026,1900100751,5100,932.87,MXN,ALOPEZ
1000,2026,1900100752,5100,81386.84,MXN,ALOPEZ
1000,2026,1900100753,5100,1631.27,MXN,ALOPEZ
1000,2026,1900100754,5100,3497.75,MXN,ALOPEZ
1000,2026,1900100755,5100,92120.79,MXN,ALOPEZ
1000,2026,1900100756,5100,9396.83,MXN,ALOPEZ
1000,2026,1900100757,5100,4244.05,MXN,ALOPEZ
1000,2026,1900100758,5100,1736.77,MXN,ALOPEZ
1000,2026,1900100759,5100,365.38,MXN,ALOPEZ
1000,2026,1900100760,5100,1217.13,MXN,ALOPEZ
1000,2026,1900100761,5100,18592.14,MXN,ALOPEZ
1000,2026,1900100762,5100,7520.15,MXN,ALOPEZ
1000,2026,1900100763,5100,19053.36,MXN,ALOPEZ
1000,2026,1900100764,5100,408.01,MXN,ALOPEZ
1000,2026,1900100765,5100,4442.82,MXN,ALOPEZ
1000,2026,1900100766,5100,60676.19,MXN,ALOPEZ
1000,2026,1900100767,5100,2062.28,MXN,ALOPEZ
1000,2026,1900100768,5100,12437.99,MXN,ALOPEZ
1000,2026,1900100769,5100,231.35,MXN,ALOPEZ
1000,2026,1900100770,5100,83069.28,MXN,ALOPEZ
1000,2026,1900100771,5100,6708.34,MXN,ALOPEZ
1000,2026,1900100772,5100,522.27,MXN,ALOPEZ
1000,2026,1900100773,5100,298.63,MXN,ALOPEZ
1000,2026,1900100774,5100,4492.80,MXN,ALOPEZ
1000,2026,1900100775,5100,4536.85,MXN,ALOPEZ
1000,2026,1900100776,5100,190.38,MXN,ALOPEZ
1000,2026,1900100777,5100,94791.94,MXN,ALOPEZ
1000,2026,1900100778,5100,54801.15,MXN,ALOPEZ
1000,2026,1900100779,5100,2422.95,MXN,ALOPEZ
1000,2026,1900100780,5100,225.11,MXN,ALOPEZ
1000,2026,1900100781,5100,31363.86,MXN,ALOPEZ
1000,2026,1900100782,5100,3126.99,MXN,ALOPEZ
1000,2026,1900100783,5100,14119.20,MXN,ALOPEZ
1000,2026,1900100784,5100,3362.14,MXN,ALOPEZ
1000,2026,1900100785,5100,661.11,MXN,ALOPEZ
1000,2026,1900100786,5100,31928.01,MXN,ALOPEZ
1000,2026,1900100787,5100,87243.66,MXN,ALOPEZ
1000,2026,1900100788,5100,538.51,MXN,ALOPEZ
1000,2026,1900100789,5100,4506.04,MXN,ALOPEZ
1000,2026,1900100790,5100,1415.01,MXN,ALOPEZ
1000,2026,1900100791,5100,58291.40,MXN,ALOPEZ
1000,2026,1900100792,5100,3347.52,MXN,ALOPEZ
1000,2026,1900100793,5100,43448.90,MXN,ALOPEZ
1000,2026,1900100794,5100,39091.36,MXN,ALOPEZ
1000,2026,1900100795,5100,674.13,MXN,ALOPEZ
1000,2026,1900100796,5100,23443.29,MXN,ALOPEZ
1000,2026,1900100797,5100,1757.22,MXN,ALOPEZ
1000,2026,1900100798,5100,63495.83,MXN,ALOPEZ
1000,2026,1900100799,5100,3335.90,MXN,ALOPEZ
1000,2026,1900100800,5100,28949.99,MXN,ALOPEZ
1000,2026,1900100801,5100,705.53,MXN,CMENDEZ
1000,2026,1900100802,5100,786.44,MXN,CMENDEZ
1000,2026,1900100803,5100,5765.18,MXN,CMENDEZ
1000,2026,1900100804,5100,99244.63,MXN,CMENDEZ
1000,2026,1900100805,5100,2943.89,MXN,CMENDEZ
1000,2026,1900100806,5100,279.12,MXN,CMENDEZ
1000,2026,1900100807,5100,4128.02,MXN,CMENDEZ
1000,2026,1900100808,5100,1084.86,MXN,CMENDEZ
1000,2026,1900100809,5100,4526.39,MXN,CMENDEZ
1000,2026,1900100810,5100,4268.65,MXN,CMENDEZ
1000,2026,1900100811,5100,2322.92,MXN,CMENDEZ
1000,2026,1900100812,5100,923.28,MXN,CMENDEZ
1000,2026,1900100813,5100,368.09,MXN,CMENDEZ
1000,2026,1900100814,5100,12373.58,MXN,CMENDEZ
1000,2026,1900100815,5100,5192.70,MXN,CMENDEZ
1000,2026,1900100816,5100,501.98,MXN,CMENDEZ
1000,2026,1900100817,5100,21214.53,MXN,CMENDEZ
1000,2026,1900100818,5100,135.19,MXN,CMENDEZ
1000,2026,1900100819,5100,17144.13,MXN,CMENDEZ
1000,2026,1900100820,5100,13052.20,MXN,CMENDEZ
1000,2026,1900100821,5100,27178.58,MXN,CMENDEZ
1000,2026,1900100822,5100,1439.58,MXN,CMENDEZ
1000,2026,1900100823,5100,9796.40,MXN,CMENDEZ
1000,2026,1900100824,5100,28989.63,MXN,CMENDEZ
1000,2026,1900100825,5100,87589.98,MXN,CMENDEZ
1000,2026,1900100826,5100,3061.86,MXN,CMENDEZ
1000,2026,1900100827,5100,129.14,MXN,CMENDEZ
1000,2026,1900100828,5100,3212.72,MXN,CMENDEZ
1000,2026,1900100829,5100,5895.78,MXN,CMENDEZ
1000,2026,1900100830,5100,40653.78,MXN,CMENDEZ
1000,2026,1900100831,5100,41934.47,MXN,CMENDEZ
1000,2026,1900100832,5100,2093.72,MXN,CMENDEZ
1000,2026,1900100833,5100,3783.15,MXN,CMENDEZ
1000,2026,1900100834,5100,2348.47,MXN,CMENDEZ
1000,2026,1900100835,5100,14700.48,MXN,CMENDEZ
1000,2026,1900100836,5100,1697.99,MXN,CMENDEZ
1000,2026,1900100837,5100,9211.79,MXN,CMENDEZ
1000,2026,1900100838,5100,290.46,MXN,CMENDEZ
1000,2026,1900100839,5100,2561.37,MXN,CMENDEZ
1000,2026,1900100840,5100,80837.13,MXN,CMENDEZ
1000,2026,1900100841,5100,1036.77,MXN,CMENDEZ
1000,2026,1900100842,5100,11970.54,MXN,CMENDEZ
1000,2026,1900100843,5100,8902.46,MXN,CMENDEZ
1000,2026,1900100844,5100,35916.65,MXN,CMENDEZ
1000,2026,1900100845,5100,36059.86,MXN,CMENDEZ
1000,2026,1900100846,5100,37846.57,MXN,CMENDEZ
1000,2026,1900100847,5100,1380.47,MXN,CMENDEZ
1000,2026,1900100848,5100,891.22,MXN,CMENDEZ
1000,2026,1900100849,5100,14326.90,MXN,CMENDEZ
1000,2026,1900100850,5100,18976.03,MXN,CMENDEZ
1000,2026,1900100851,5100,41414.18,MXN,CMENDEZ
1000,2026,1900100852,5100,128.14,MXN,CMENDEZ
1000,2026,1900100853,5100,160.42,MXN,CMENDEZ
1000,2026,1900100854,5100,7824.98,MXN,CMENDEZ
1000,2026,1900100855,5100,57914.50,MXN,CMENDEZ
1000,2026,1900100856,5100,98237.61,MXN,CMENDEZ
1000,2026,1900100857,5100,17389.98,MXN,CMENDEZ
1000,2026,1900100858,5100,2004.08,MXN,CMENDEZ
1000,2026,1900100859,5100,197.39,MXN,CMENDEZ
1000,2026,1900100860,5100,7966.06,MXN,CMENDEZ
1000,2026,1900100861,5100,41470.35,MXN,CMENDEZ
1000,2026,1900100862,5100,2143.07,MXN,CMENDEZ
1000,2026,1900100863,5100,12078.24,MXN,CMENDEZ
1000,2026,1900100864,5100,51318.29,MXN,CMENDEZ
1000,2026,1900100865,5100,137.40,MXN,CMENDEZ
1000,2026,1900100866,5100,24458.53,MXN,CMENDEZ
1000,2026,1900100867,5100,758.76,MXN,CMENDEZ
1000,2026,1900100868,5100,1332.06,MXN,CMENDEZ
1000,2026,1900100869,5100,273.34,MXN,CMENDEZ
1000,2026,1900100870,5100,3921.92,MXN,CMENDEZ
1000,2026,1900100871,5100,4986.37,MXN,CMENDEZ
1000,2026,1900100872,5100,23853.85,MXN,CMENDEZ
1000,2026,1900100873,5100,323.56,MXN,CMENDEZ
1000,2026,1900100874,5100,172.55,MXN,CMENDEZ
1000,2026,1900100875,5100,40974.98,MXN,CMENDEZ
1000,2026,1900100876,5100,7229.88,MXN,CMENDEZ
1000,2026,1900100877,5100,527.82,MXN,CMENDEZ
1000,2026,1900100878,5100,54762.98,MXN,CMENDEZ
1000,2026,1900100879,5100,268.75,MXN,CMENDEZ
1000,2026,1900100880,5100,2417.96,MXN,CMENDEZ
1000,2026,1900100881,5100,578.01,MXN,CMENDEZ
1000,2026,1900100882,5100,583.42,MXN,CMENDEZ
1000,2026,1900100883,5100,106.71,MXN,CMENDEZ
1000,2026,1900100884,5100,25935.78,MXN,CMENDEZ
1000,2026,1900100885,5100,50539.19,MXN,CMENDEZ
1000,2026,1900100886,5100,10785.31,MXN,CMENDEZ
1000,2026,1900100887,5100,297.80,MXN,CMENDEZ
1000,2026,1900100888,5100,2114.41,MXN,CMENDEZ
1000,2026,1900100889,5100,1088.17,MXN,CMENDEZ
1000,2026,1900100890,5100,5790.49,MXN,CMENDEZ
1000,2026,1900100891,5100,8256.88,MXN,CMENDEZ
1000,2026,1900100892,5100,1874.68,MXN,CMENDEZ
1000,2026,1900100893,5100,562.72,MXN,CMENDEZ
1000,2026,1900100894,5100,34348.82,MXN,CMENDEZ
1000,2026,1900100895,5100,395.96,MXN,CMENDEZ
1000,2026,1900100896,5100,1425.87,MXN,CMENDEZ
1000,2026,1900100897,5100,2815.95,MXN,CMENDEZ
1000,2026,1900100898,5100,514.77,MXN,CMENDEZ
1000,2026,1900100899,5100,5197.18,MXN,CMENDEZ
1000,2026,1900100900,5100,5301.95,MXN,CMENDEZ
1000,2026,1900100901,5100,95077.14,MXN,CMENDEZ
1000,2026,1900100902,5100,768.59,MXN,CMENDEZ
1000,2026,1900100903,5100,85868.42,MXN,CMENDEZ
1000,2026,1900100904,5100,9433.86,MXN,CMENDEZ
1000,2026,1900100905,5100,665.95,MXN,CMENDEZ
1000,2026,1900100906,5100,4986.40,MXN,CMENDEZ
1000,2026,1900100907,5100,11412.96,MXN,CMENDEZ
1000,2026,1900100908,5100,17139.83,MXN,CMENDEZ
1000,2026,1900100909,5100,140.32,MXN,CMENDEZ
1000,2026,1900100910,5100,6595.07,MXN,CMENDEZ
1000,2026,1900100911,5100,3091.59,MXN,CMENDEZ
1000,2026,1900100912,5100,51578.16,MXN,CMENDEZ
1000,2026,1900100913,5100,722.08,MXN,CMENDEZ
1000,2026,1900100914,5100,24921.85,MXN,CMENDEZ
1000,2026,1900100915,5100,6625.14,MXN,CMENDEZ
1000,2026,1900100916,5100,1140.15,MXN,CMENDEZ
1000,2026,1900100917,5100,8125.57,MXN,CMENDEZ
1000,2026,1900100918,5100,7289.09,MXN,CMENDEZ
1000,2026,1900100919,5100,10796.76,MXN,CMENDEZ
1000,2026,1900100920,5100,14547.39,MXN,CMENDEZ
1000,2026,1900100921,5100,9496.09,MXN,CMENDEZ
1000,2026,1900100922,5100,32734.93,MXN,CMENDEZ
1000,2026,1900100923,5100,7669.10,MXN,CMENDEZ
1000,2026,1900100924,5100,51311.07,MXN,CMENDEZ
1000,2026,1900100925,5100,8690.04,MXN,CMENDEZ
1000,2026,1900100926,5100,844.89,MXN,CMENDEZ
1000,2026,1900100927,5100,2101.21,MXN,CMENDEZ
1000,2026,1900100928,5100,5479.25,MXN,CMENDEZ
1000,2026,1900100929,5100,15742.70,MXN,CMENDEZ
1000,2026,1900100930,5100,186.38,MXN,CMENDEZ
1000,2026,1900100931,5100,767.95,MXN,CMENDEZ
1000,2026,1900100932,5100,17476.02,MXN,CMENDEZ
1000,2026,1900100933,5100,336.45,MXN,CMENDEZ
1000,2026,1900100934,5100,249.16,MXN,CMENDEZ
1000,2026,1900100935,5100,4151.67,MXN,CMENDEZ
1000,2026,1900100936,5100,82123.74,MXN,CMENDEZ
1000,2026,1900100937,5100,3913.43,MXN,CMENDEZ
1000,2026,1900100938,5100,55012.44,MXN,CMENDEZ
1000,2026,1900100939,5100,31004.01,MXN,CMENDEZ
1000,2026,1900100940,5100,590.08,MXN,CMENDEZ
1000,2026,1900100941,5100,29789.93,MXN,CMENDEZ
1000,2026,1900100942,5100,2789.61,MXN,CMENDEZ
1000,2026,1900100943,5100,26270.33,MXN,CMENDEZ
1000,2026,1900100944,5100,17365.13,MXN,CMENDEZ
1000,2026,1900100945,5100,1037.88,MXN,CMENDEZ
1000,2026,1900100946,5100,221.57,MXN,CMENDEZ
1000,2026,1900100947,5100,77389.11,MXN,CMENDEZ
1000,2026,1900100948,5100,264.41,MXN,CMENDEZ
1000,2026,1900100949,5100,79341.54,MXN,CMENDEZ
1000,2026,1900100950,5100,38055.88,MXN,CMENDEZ
1000,2026,1900100951,5100,14881.62,MXN,CMENDEZ
1000,2026,1900100952,5100,87061.62,MXN,CMENDEZ
1000,2026,1900100953,5100,79764.43,MXN,CMENDEZ
1000,2026,1900100954,5100,25927.64,MXN,CMENDEZ
1000,2026,1900100955,5100,1251.20,MXN,CMENDEZ
1000,2026,1900100956,5100,23552.98,MXN,CMENDEZ
1000,2026,1900100957,5100,110.09,MXN,CMENDEZ
1000,2026,1900100958,5100,4071.15,MXN,CMENDEZ
1000,2026,1900100959,5100,2313.97,MXN,CMENDEZ
1000,2026,1900100960,5100,10434.82,MXN,CMENDEZ
1000,2026,1900100961,5100,10399.74,MXN,CMENDEZ
1000,2026,1900100962,5100,5671.27,MXN,CMENDEZ
1000,2026,1900100963,5100,29325.94,MXN,CMENDEZ
1000,2026,1900100964,5100,66202.70,MXN,CMENDEZ
1000,2026,1900100965,5100,211.37,MXN,CMENDEZ
1000,2026,1900100966,5100,502.88,MXN,CMENDEZ
1000,2026,1900100967,5100,118.87,MXN,CMENDEZ
1000,2026,1900100968,5100,44947.40,MXN,CMENDEZ
1000,2026,1900100969,5100,4833.06,MXN,CMENDEZ
1000,2026,1900100970,5100,55688.78,MXN,CMENDEZ
1000,2026,1900100971,5100,461.43,MXN,CMENDEZ
1000,2026,1900100972,5100,154.76,MXN,CMENDEZ
1000,2026,1900100973,5100,29618.70,MXN,CMENDEZ
1000,2026,1900100974,5100,53476.49,MXN,CMENDEZ
1000,2026,1900100975,5100,806.44,MXN,CMENDEZ
1000,2026,1900100976,5100,1678.37,MXN,CMENDEZ
1000,2026,1900100977,5100,262.62,MXN,CMENDEZ
1000,2026,1900100978,5100,68989.75,MXN,CMENDEZ
1000,2026,1900100979,5100,818.64,MXN,CMENDEZ
1000,2026,1900100980,5100,3005.20,MXN,CMENDEZ
1000,2026,1900100981,5100,195.69,MXN,CMENDEZ
1000,2026,1900100982,5100,45896.33,MXN,CMENDEZ
1000,2026,1900100983,5100,255.27,MXN,CMENDEZ
1000,2026,1900100984,5100,2295.79,MXN,CMENDEZ
1000,2026,1900100985,5100,10267.36,MXN,CMENDEZ
1000,2026,1900100986,5100,16959.79,MXN,CMENDEZ
1000,2026,1900100987,5100,68852.90,MXN,CMENDEZ
1000,2026,1900100988,5100,1808.76,MXN,CMENDEZ
1000,2026,1900100989,5100,16858.04,MXN,CMENDEZ
1000,2026,1900100990,5100,290.78,MXN,CMENDEZ
1000,2026,1900100991,5100,1756.52,MXN,CMENDEZ
1000,2026,1900100992,5100,198.18,MXN,CMENDEZ
1000,2026,1900100993,5100,2937.93,MXN,CMENDEZ
1000,2026,1900100994,5100,1676.28,MXN,CMENDEZ
1000,2026,1900100995,5100,71542.58,MXN,CMENDEZ
1000,2026,1900100996,5100,125.36,MXN,CMENDEZ
1000,2026,1900100997,5100,1292.97,MXN,CMENDEZ
1000,2026,1900100998,5100,2138.70,MXN,CMENDEZ
1000,2026,1900100999,5100,71066.60,MXN,CMENDEZ
1000,2026,1900101000,5100,36842.63,MXN,CMENDEZ
1000,2026,1900101001,5100,198.64,MXN,CMENDEZ
1000,2026,1900101002,5100,11403.57,MXN,CMENDEZ
1000,2026,1900101003,5100,4299.30,MXN,CMENDEZ
1000,2026,1900101004,5100,85807.96,MXN,CMENDEZ
1000,2026,1900101005,5100,1191.30,MXN,CMENDEZ
1000,2026,1900101006,5100,1564.66,MXN,CMENDEZ
1000,2026,1900101007,5100,371.04,MXN,CMENDEZ
1000,2026,1900101008,5100,232.53,MXN,CMENDEZ
1000,2026,1900101009,5100,35002.54,MXN,CMENDEZ
1000,2026,1900101010,5100,2312.87,MXN,CMENDEZ
1000,2026,1900101011,5100,9734.33,MXN,CMENDEZ
1000,2026,1900101012,5100,8416.15,MXN,CMENDEZ
1000,2026,1900101013,5100,6186.40,MXN,CMENDEZ
1000,2026,1900101014,5100,115.90,MXN,CMENDEZ
1000,2026,1900101015,5100,22928.93,MXN,CMENDEZ
1000,2026,1900101016,5100,537.91,MXN,CMENDEZ
1000,2026,1900101017,5100,238.66,MXN,CMENDEZ
1000,2026,1900101018,5100,4940.08,MXN,CMENDEZ
1000,2026,1900101019,5100,160.63,MXN,CMENDEZ
1000,2026,1900101020,5100,19745.68,MXN,CMENDEZ
1000,2026,1900101021,5100,418.28,MXN,CMENDEZ
1000,2026,1900101022,5100,444.48,MXN,CMENDEZ
1000,2026,1900101023,5100,40652.41,MXN,CMENDEZ
1000,2026,1900101024,5100,967.56,MXN,CMENDEZ
1000,2026,1900101025,5100,277.12,MXN,CMENDEZ
1000,2026,1900101026,5100,50302.91,MXN,CMENDEZ
1000,2026,1900101027,5100,101.98,MXN,CMENDEZ
1000,2026,1900101028,5100,37602.64,MXN,CMENDEZ
1000,2026,1900101029,5100,271.68,MXN,CMENDEZ
1000,2026,1900101030,5100,245.46,MXN,CMENDEZ
1000,2026,1900101031,5100,564.89,MXN,CMENDEZ
1000,2026,1900101032,5100,333.80,MXN,CMENDEZ
1000,2026,1900101033,5100,9619.95,MXN,CMENDEZ
1000,2026,1900101034,5100,119.49,MXN,CMENDEZ
1000,2026,1900101035,5100,110.81,MXN,CMENDEZ
1000,2026,1900101036,5100,23439.80,MXN,CMENDEZ
1000,2026,1900101037,5100,517.36,MXN,CMENDEZ
1000,2026,1900101038,5100,936.08,MXN,CMENDEZ
1000,2026,1900101039,5100,333.23,MXN,CMENDEZ
1000,2026,1900101040,5100,143.61,MXN,CMENDEZ
1000,2026,1900101041,5100,16794.00,MXN,CMENDEZ
1000,2026,1900101042,5100,3786.66,MXN,CMENDEZ
1000,2026,1900101043,5100,17258.21,MXN,CMENDEZ
1000,2026,1900101044,5100,2683.72,MXN,CMENDEZ
1000,2026,1900101045,5100,21579.98,MXN,CMENDEZ
1000,2026,1900101046,5100,3465.08,MXN,CMENDEZ
1000,2026,1900101047,5100,212.40,MXN,CMENDEZ
1000,2026,1900101048,5100,3247.25,MXN,CMENDEZ
1000,2026,1900101049,5100,68587.81,MXN,CMENDEZ
1000,2026,1900101050,5100,134.93,MXN,CMENDEZ
1000,2026,1900101051,5100,22370.77,MXN,CMENDEZ
1000,2026,1900101052,5100,39897.23,MXN,CMENDEZ
1000,2026,1900101053,5100,3667.36,MXN,CMENDEZ
1000,2026,1900101054,5100,2366.61,MXN,CMENDEZ
1000,2026,1900101055,5100,77997.12,MXN,CMENDEZ
1000,2026,1900101056,5100,152.22,MXN,CMENDEZ
1000,2026,1900101057,5100,2734.93,MXN,CMENDEZ
1000,2026,1900101058,5100,1602.70,MXN,CMENDEZ
1000,2026,1900101059,5100,11436.48,MXN,CMENDEZ
1000,2026,1900101060,5100,2956.70,MXN,CMENDEZ
1000,2026,1900101061,5100,53592.31,MXN,CMENDEZ
1000,2026,1900101062,5100,166.14,MXN,CMENDEZ
1000,2026,1900101063,5100,174.73,MXN,CMENDEZ
1000,2026,1900101064,5100,6681.78,MXN,CMENDEZ
1000,2026,1900101065,5100,157.42,MXN,CMENDEZ
1000,2026,1900101066,5100,668.42,MXN,CMENDEZ
1000,2026,1900101067,5100,7929.21,MXN,CMENDEZ
1000,2026,1900101068,5100,4416.41,MXN,CMENDEZ
1000,2026,1900101069,5100,945.27,MXN,CMENDEZ
1000,2026,1900101070,5100,96357.00,MXN,CMENDEZ
1000,2026,1900101071,5100,3905.44,MXN,CMENDEZ
1000,2026,1900101072,5100,2296.92,MXN,CMENDEZ
1000,2026,1900101073,5100,6550.59,MXN,CMENDEZ
1000,2026,1900101074,5100,198.40,MXN,CMENDEZ
1000,2026,1900101075,5100,12744.95,MXN,CMENDEZ
1000,2026,1900101076,5100,36172.47,MXN,CMENDEZ
1000,2026,1900101077,5100,8969.12,MXN,CMENDEZ
1000,2026,1900101078,5100,20271.61,MXN,CMENDEZ
1000,2026,1900101079,5100,14538.50,MXN,CMENDEZ
1000,2026,1900101080,5100,441.64,MXN,CMENDEZ
1000,2026,1900101081,5100,2262.90,MXN,CMENDEZ
1000,2026,1900101082,5100,484.71,MXN,CMENDEZ
1000,2026,1900101083,5100,1039.43,MXN,CMENDEZ
1000,2026,1900101084,5100,2293.49,MXN,CMENDEZ
1000,2026,1900101085,5100,1769.98,MXN,CMENDEZ
1000,2026,1900101086,5100,192.87,MXN,CMENDEZ
1000,2026,1900101087,5100,1906.74,MXN,CMENDEZ
1000,2026,1900101088,5100,9892.90,MXN,CMENDEZ
1000,2026,1900101089,5100,1327.10,MXN,CMENDEZ
1000,2026,1900101090,5100,287.02,MXN,CMENDEZ
1000,2026,1900101091,5100,58742.86,MXN,CMENDEZ
1000,2026,1900101092,5100,159.00,MXN,CMENDEZ
1000,2026,1900101093,5100,31283.52,MXN,CMENDEZ
1000,2026,1900101094,5100,190.41,MXN,CMENDEZ
1000,2026,1900101095,5100,194.85,MXN,CMENDEZ
1000,2026,1900101096,5100,16458.41,MXN,CMENDEZ
1000,2026,1900101097,5100,27246.32,MXN,CMENDEZ
1000,2026,1900101098,5100,4667.80,MXN,CMENDEZ
1000,2026,1900101099,5100,5746.39,MXN,CMENDEZ
1000,2026,1900101100,5100,4839.04,MXN,CMENDEZ
1000,2026,1900101101,5100,974.85,MXN,CMENDEZ
1000,2026,1900101102,5100,232.65,MXN,CMENDEZ
1000,2026,1900101103,5100,1150.26,MXN,CMENDEZ
1000,2026,1900101104,5100,9908.81,MXN,CMENDEZ
1000,2026,1900101105,5100,17817.75,MXN,CMENDEZ
1000,2026,1900101106,5100,40204.66,MXN,CMENDEZ
1000,2026,1900101107,5100,14560.69,MXN,CMENDEZ
1000,2026,1900101108,5100,80388.86,MXN,CMENDEZ
1000,2026,1900101109,5100,6327.47,MXN,CMENDEZ
1000,2026,1900101110,5100,1134.85,MXN,CMENDEZ
1000,2026,1900101111,5100,5416.96,MXN,CMENDEZ
1000,2026,1900101112,5100,434.73,MXN,CMENDEZ
1000,2026,1900101113,5100,9337.03,MXN,CMENDEZ
1000,2026,1900101114,5100,470.69,MXN,CMENDEZ
1000,2026,1900101115,5100,211.18,MXN,CMENDEZ
1000,2026,1900101116,5100,34365.31,MXN,CMENDEZ
1000,2026,1900101117,5100,1266.73,MXN,CMENDEZ
1000,2026,1900101118,5100,19400.68,MXN,CMENDEZ
1000,2026,1900101119,5100,5275.94,MXN,CMENDEZ
1000,2026,1900101120,5100,26403.66,MXN,CMENDEZ
1000,2026,1900101121,5100,34313.54,MXN,CMENDEZ
1000,2026,1900101122,5100,83876.40,MXN,CMENDEZ
1000,2026,1900101123,5100,28528.61,MXN,CMENDEZ
1000,2026,1900101124,5100,6929.79,MXN,CMENDEZ
1000,2026,1900101125,5100,8474.18,MXN,CMENDEZ
1000,2026,1900101126,5100,119.88,MXN,CMENDEZ
1000,2026,1900101127,5100,61270.70,MXN,CMENDEZ
1000,2026,1900101128,5100,30788.06,MXN,CMENDEZ
1000,2026,1900101129,5100,634.37,MXN,CMENDEZ
1000,2026,1900101130,5100,347.73,MXN,CMENDEZ
1000,2026,1900101131,5100,12826.15,MXN,CMENDEZ
1000,2026,1900101132,5100,845.19,MXN,CMENDEZ
1000,2026,1900101133,5100,1045.86,MXN,CMENDEZ
1000,2026,1900101134,5100,104.31,MXN,CMENDEZ
1000,2026,1900101135,5100,40699.41,MXN,CMENDEZ
1000,2026,1900101136,5100,4999.92,MXN,CMENDEZ
1000,2026,1900101137,5100,1593.50,MXN,CMENDEZ
1000,2026,1900101138,5100,266.46,MXN,CMENDEZ
1000,2026,1900101139,5100,7934.44,MXN,CMENDEZ
1000,2026,1900101140,5100,123.59,MXN,CMENDEZ
1000,2026,1900101141,5100,17311.52,MXN,CMENDEZ
1000,2026,1900101142,5100,441.98,MXN,CMENDEZ
1000,2026,1900101143,5100,1817.60,MXN,CMENDEZ
1000,2026,1900101144,5100,1053.63,MXN,CMENDEZ
1000,2026,1900101145,5100,1288.72,MXN,CMENDEZ
1000,2026,1900101146,5100,14614.63,MXN,CMENDEZ
1000,2026,1900101147,5100,21404.59,MXN,CMENDEZ
1000,2026,1900101148,5100,5044.06,MXN,CMENDEZ
1000,2026,1900101149,5100,179.83,MXN,CMENDEZ
1000,2026,1900101150,5100,143.82,MXN,CMENDEZ
1000,2026,1900101151,5100,296.64,MXN,CMENDEZ
1000,2026,1900101152,5100,7136.98,MXN,CMENDEZ
1000,2026,1900101153,5100,10517.35,MXN,CMENDEZ
1000,2026,1900101154,5100,655.10,MXN,CMENDEZ
1000,2026,1900101155,5100,9678.68,MXN,CMENDEZ
1000,2026,1900101156,5100,2864.08,MXN,CMENDEZ
1000,2026,1900101157,5100,2119.01,MXN,CMENDEZ
1000,2026,1900101158,5100,659.93,MXN,CMENDEZ
1000,2026,1900101159,5100,18400.49,MXN,CMENDEZ
1000,2026,1900101160,5100,219.51,MXN,CMENDEZ
1000,2026,1900101161,5100,1948.68,MXN,CMENDEZ
1000,2026,1900101162,5100,707.52,MXN,CMENDEZ
1000,2026,1900101163,5100,10850.73,MXN,CMENDEZ
1000,2026,1900101164,5100,2883.36,MXN,CMENDEZ
1000,2026,1900101165,5100,10032.23,MXN,CMENDEZ
1000,2026,1900101166,5100,136.85,MXN,CMENDEZ
1000,2026,1900101167,5100,1533.88,MXN,CMENDEZ
1000,2026,1900101168,5100,6280.22,MXN,CMENDEZ
1000,2026,1900101169,5100,105.45,MXN,CMENDEZ
1000,2026,1900101170,5100,802.15,MXN,CMENDEZ
1000,2026,1900101171,5100,430.23,MXN,CMENDEZ
1000,2026,1900101172,5100,258.05,MXN,CMENDEZ
1000,2026,1900101173,5100,584.20,MXN,CMENDEZ
1000,2026,1900101174,5100,964.64,MXN,CMENDEZ
1000,2026,1900101175,5100,105.48,MXN,CMENDEZ
1000,2026,1900101176,5100,17419.77,MXN,CMENDEZ
1000,2026,1900101177,5100,336.58,MXN,CMENDEZ
1000,2026,1900101178,5100,1382.36,MXN,CMENDEZ
1000,2026,1900101179,5100,12912.60,MXN,CMENDEZ
1000,2026,1900101180,5100,3168.01,MXN,CMENDEZ
1000,2026,1900101181,5100,31627.34,MXN,CMENDEZ
1000,2026,1900101182,5100,26218.06,MXN,CMENDEZ
1000,2026,1900101183,5100,164.52,MXN,CMENDEZ
1000,2026,1900101184,5100,38485.14,MXN,CMENDEZ
1000,2026,1900101185,5100,133.94,MXN,CMENDEZ
1000,2026,1900101186,5100,113.82,MXN,CMENDEZ
1000,2026,1900101187,5100,58007.92,MXN,CMENDEZ
1000,2026,1900101188,5100,38577.14,MXN,CMENDEZ
1000,2026,1900101189,5100,5336.76,MXN,CMENDEZ
1000,2026,1900101190,5100,5250.48,MXN,CMENDEZ
1000,2026,1900101191,5100,13443.02,MXN,CMENDEZ
1000,2026,1900101192,5100,1790.94,MXN,CMENDEZ
1000,2026,1900101193,5100,221.57,MXN,CMENDEZ
1000,2026,1900101194,5100,115.50,MXN,CMENDEZ
1000,2026,1900101195,5100,942.55,MXN,CMENDEZ
1000,2026,1900101196,5100,25349.33,MXN,CMENDEZ
1000,2026,1900101197,5100,7151.15,MXN,CMENDEZ
1000,2026,1900101198,5100,31338.47,MXN,CMENDEZ
1000,2026,1900101199,5100,57452.54,MXN,CMENDEZ
1000,2026,1900101200,5100,183.82,MXN,CMENDEZ
1000,2026,1900101201,5100,34154.90,MXN,JPEREZ
1000,2026,1900101202,5100,536.97,MXN,JPEREZ
1000,2026,1900101203,5100,5842.70,MXN,JPEREZ
1000,2026,1900101204,5100,3731.54,MXN,JPEREZ
1000,2026,1900101205,5100,1539.22,MXN,JPEREZ
1000,2026,1900101206,5100,852.75,MXN,JPEREZ
1000,2026,1900101207,5100,1043.61,MXN,JPEREZ
1000,2026,1900101208,5100,998.17,MXN,JPEREZ
1000,2026,1900101209,5100,319.45,MXN,JPEREZ
1000,2026,1900101210,5100,3399.77,MXN,JPEREZ
1000,2026,1900101211,5100,219.83,MXN,JPEREZ
1000,2026,1900101212,5100,3387.32,MXN,JPEREZ
1000,2026,1900101213,5100,52211.74,MXN,JPEREZ
1000,2026,1900101214,5100,1117.19,MXN,JPEREZ
1000,2026,1900101215,5100,15210.28,MXN,JPEREZ
1000,2026,1900101216,5100,28631.61,MXN,JPEREZ
1000,2026,1900101217,5100,27868.33,MXN,JPEREZ
1000,2026,1900101218,5100,511.45,MXN,JPEREZ
1000,2026,1900101219,5100,275.00,MXN,JPEREZ
1000,2026,1900101220,5100,390.67,MXN,JPEREZ
1000,2026,1900101221,5100,6415.00,MXN,JPEREZ
1000,2026,1900101222,5100,19082.97,MXN,JPEREZ
1000,2026,1900101223,5100,9258.21,MXN,JPEREZ
1000,2026,1900101224,5100,339.97,MXN,JPEREZ
1000,2026,1900101225,5100,20823.05,MXN,JPEREZ
1000,2026,1900101226,5100,3036.34,MXN,JPEREZ
1000,2026,1900101227,5100,18337.39,MXN,JPEREZ
1000,2026,1900101228,5100,19038.44,MXN,JPEREZ
1000,2026,1900101229,5100,2221.86,MXN,JPEREZ
1000,2026,1900101230,5100,59219.23,MXN,JPEREZ
1000,2026,1900101231,5100,4937.14,MXN,JPEREZ
1000,2026,1900101232,5100,8051.84,MXN,JPEREZ
1000,2026,1900101233,5100,7474.21,MXN,JPEREZ
1000,2026,1900101234,5100,39150.80,MXN,JPEREZ
1000,2026,1900101235,5100,7614.69,MXN,JPEREZ
1000,2026,1900101236,5100,283.71,MXN,JPEREZ
1000,2026,1900101237,5100,160.27,MXN,JPEREZ
1000,2026,1900101238,5100,2121.41,MXN,JPEREZ
1000,2026,1900101239,5100,809.96,MXN,JPEREZ
1000,2026,1900101240,5100,666.84,MXN,JPEREZ
1000,2026,1900101241,5100,147.41,MXN,JPEREZ
1000,2026,1900101242,5100,3326.68,MXN,JPEREZ
1000,2026,1900101243,5100,853.54,MXN,JPEREZ
1000,2026,1900101244,5100,2268.51,MXN,JPEREZ
1000,2026,1900101245,5100,148.14,MXN,JPEREZ
1000,2026,1900101246,5100,31267.27,MXN,JPEREZ
1000,2026,1900101247,5100,169.90,MXN,JPEREZ
1000,2026,1900101248,5100,39151.65,MXN,JPEREZ
1000,2026,1900101249,5100,36802.74,MXN,JPEREZ
1000,2026,1900101250,5100,6998.83,MXN,JPEREZ
1000,2026,1900101251,5100,3320.50,MXN,JPEREZ
1000,2026,1900101252,5100,2444.19,MXN,JPEREZ
1000,2026,1900101253,5100,4602.03,MXN,JPEREZ
1000,2026,1900101254,5100,23738.51,MXN,JPEREZ
1000,2026,1900101255,5100,48711.36,MXN,JPEREZ
1000,2026,1900101256,5100,2234.61,MXN,JPEREZ
1000,2026,1900101257,5100,26881.14,MXN,JPEREZ
1000,2026,1900101258,5100,9026.35,MXN,JPEREZ
1000,2026,1900101259,5100,921.68,MXN,JPEREZ
1000,2026,1900101260,5100,2672.31,MXN,JPEREZ
1000,2026,1900101261,5100,283.52,MXN,JPEREZ
1000,2026,1900101262,5100,153.33,MXN,JPEREZ
1000,2026,1900101263,5100,204.41,MXN,JPEREZ
1000,2026,1900101264,5100,49817.34,MXN,JPEREZ
1000,2026,1900101265,5100,1072.29,MXN,JPEREZ
1000,2026,1900101266,5100,13897.82,MXN,JPEREZ
1000,2026,1900101267,5100,3263.22,MXN,JPEREZ
1000,2026,1900101268,5100,329.36,MXN,JPEREZ
1000,2026,1900101269,5100,553.64,MXN,JPEREZ
1000,2026,1900101270,5100,2057.19,MXN,JPEREZ
1000,2026,1900101271,5100,2080.97,MXN,JPEREZ
1000,2026,1900101272,5100,3700.36,MXN,JPEREZ
1000,2026,1900101273,5100,299.39,MXN,JPEREZ
1000,2026,1900101274,5100,1313.88,MXN,JPEREZ
1000,2026,1900101275,5100,705.80,MXN,JPEREZ
1000,2026,1900101276,5100,1683.87,MXN,JPEREZ
1000,2026,1900101277,5100,1035.38,MXN,JPEREZ
1000,2026,1900101278,5100,6218.10,MXN,JPEREZ
1000,2026,1900101279,5100,23317.44,MXN,JPEREZ
1000,2026,1900101280,5100,8748.15,MXN,JPEREZ
1000,2026,1900101281,5100,157.67,MXN,JPEREZ
1000,2026,1900101282,5100,192.10,MXN,JPEREZ
1000,2026,1900101283,5100,10842.71,MXN,JPEREZ
1000,2026,1900101284,5100,711.94,MXN,JPEREZ
1000,2026,1900101285,5100,14832.04,MXN,JPEREZ
1000,2026,1900101286,5100,9325.93,MXN,JPEREZ
1000,2026,1900101287,5100,52363.43,MXN,JPEREZ
1000,2026,1900101288,5100,41671.49,MXN,JPEREZ
1000,2026,1900101289,5100,1000.20,MXN,JPEREZ
1000,2026,1900101290,5100,5600.39,MXN,JPEREZ
1000,2026,1900101291,5100,265.63,MXN,JPEREZ
1000,2026,1900101292,5100,1120.63,MXN,JPEREZ
1000,2026,1900101293,5100,79999.91,MXN,JPEREZ
1000,2026,1900101294,5100,12457.76,MXN,JPEREZ
1000,2026,1900101295,5100,1499.25,MXN,JPEREZ
1000,2026,1900101296,5100,6097.11,MXN,JPEREZ
1000,2026,1900101297,5100,65163.83,MXN,JPEREZ
1000,2026,1900101298,5100,848.68,MXN,JPEREZ
1000,2026,1900101299,5100,1349.08,MXN,JPEREZ
1000,2026,1900101300,5100,23712.97,MXN,JPEREZ
1000,2026,1900101301,5100,27514.04,MXN,JPEREZ
1000,2026,1900101302,5100,10241.16,MXN,JPEREZ
1000,2026,1900101303,5100,30681.52,MXN,JPEREZ
1000,2026,1900101304,5100,16455.99,MXN,JPEREZ
1000,2026,1900101305,5100,11382.65,MXN,JPEREZ
1000,2026,1900101306,5100,3794.72,MXN,JPEREZ
1000,2026,1900101307,5100,8671.11,MXN,JPEREZ
1000,2026,1900101308,5100,1863.03,MXN,JPEREZ
1000,2026,1900101309,5100,1217.54,MXN,JPEREZ
1000,2026,1900101310,5100,1224.03,MXN,JPEREZ
1000,2026,1900101311,5100,347.37,MXN,JPEREZ
1000,2026,1900101312,5100,439.11,MXN,JPEREZ
1000,2026,1900101313,5100,69663.42,MXN,JPEREZ
1000,2026,1900101314,5100,2876.16,MXN,JPEREZ
1000,2026,1900101315,5100,478.22,MXN,JPEREZ
1000,2026,1900101316,5100,258.64,MXN,JPEREZ
1000,2026,1900101317,5100,170.41,MXN,JPEREZ
1000,2026,1900101318,5100,34141.70,MXN,JPEREZ
1000,2026,1900101319,5100,201.10,MXN,JPEREZ
1000,2026,1900101320,5100,20541.12,MXN,JPEREZ
1000,2026,1900101321,5100,32015.44,MXN,JPEREZ
1000,2026,1900101322,5100,44776.12,MXN,JPEREZ
1000,2026,1900101323,5100,129.79,MXN,JPEREZ
1000,2026,1900101324,5100,1023.98,MXN,JPEREZ
1000,2026,1900101325,5100,19903.20,MXN,JPEREZ
1000,2026,1900101326,5100,247.26,MXN,JPEREZ
1000,2026,1900101327,5100,1349.46,MXN,JPEREZ
1000,2026,1900101328,5100,306.72,MXN,JPEREZ
1000,2026,1900101329,5100,31191.42,MXN,JPEREZ
1000,2026,1900101330,5100,20572.80,MXN,JPEREZ
1000,2026,1900101331,5100,26738.14,MXN,JPEREZ
1000,2026,1900101332,5100,313.77,MXN,JPEREZ
1000,2026,1900101333,5100,2055.99,MXN,JPEREZ
1000,2026,1900101334,5100,1708.35,MXN,JPEREZ
1000,2026,1900101335,5100,10692.73,MXN,JPEREZ
1000,2026,1900101336,5100,515.93,MXN,JPEREZ
1000,2026,1900101337,5100,2150.78,MXN,JPEREZ
1000,2026,1900101338,5100,715.79,MXN,JPEREZ
1000,2026,1900101339,5100,17603.93,MXN,JPEREZ
1000,2026,1900101340,5100,2222.20,MXN,JPEREZ
1000,2026,1900101341,5100,3999.76,MXN,JPEREZ
1000,2026,1900101342,5100,848.02,MXN,JPEREZ
1000,2026,1900101343,5100,26660.70,MXN,JPEREZ
1000,2026,1900101344,5100,2552.98,MXN,JPEREZ
1000,2026,1900101345,5100,32014.02,MXN,JPEREZ
1000,2026,1900101346,5100,1269.18,MXN,JPEREZ
1000,2026,1900101347,5100,69404.96,MXN,JPEREZ
1000,2026,1900101348,5100,89808.90,MXN,JPEREZ
1000,2026,1900101349,5100,2426.83,MXN,JPEREZ
1000,2026,1900101350,5100,700.35,MXN,JPEREZ
1000,2026,1900101351,5100,1398.35,MXN,JPEREZ
1000,2026,1900101352,5100,3822.78,MXN,JPEREZ
1000,2026,1900101353,5100,79214.46,MXN,JPEREZ
1000,2026,1900101354,5100,28227.58,MXN,JPEREZ
1000,2026,1900101355,5100,25338.31,MXN,JPEREZ
1000,2026,1900101356,5100,260.13,MXN,JPEREZ
1000,2026,1900101357,5100,562.35,MXN,JPEREZ
1000,2026,1900101358,5100,8385.66,MXN,JPEREZ
1000,2026,1900101359,5100,41913.20,MXN,JPEREZ
1000,2026,1900101360,5100,4609.16,MXN,JPEREZ
1000,2026,1900101361,5100,203.13,MXN,JPEREZ
1000,2026,1900101362,5100,34488.70,MXN,JPEREZ
1000,2026,1900101363,5100,35768.29,MXN,JPEREZ
1000,2026,1900101364,5100,716.46,MXN,JPEREZ
1000,2026,1900101365,5100,19469.31,MXN,JPEREZ
1000,2026,1900101366,5100,658.22,MXN,JPEREZ
1000,2026,1900101367,5100,51989.86,MXN,JPEREZ
1000,2026,1900101368,5100,276.72,MXN,JPEREZ
1000,2026,1900101369,5100,2053.14,MXN,JPEREZ
1000,2026,1900101370,5100,69062.10,MXN,JPEREZ
1000,2026,1900101371,5100,463.57,MXN,JPEREZ
1000,2026,1900101372,5100,2256.23,MXN,JPEREZ
1000,2026,1900101373,5100,1118.81,MXN,JPEREZ
1000,2026,1900101374,5100,120.23,MXN,JPEREZ
1000,2026,1900101375,5100,144.47,MXN,JPEREZ
1000,2026,1900101376,5100,3206.43,MXN,JPEREZ
1000,2026,1900101377,5100,509.72,MXN,JPEREZ
1000,2026,1900101378,5100,96288.86,MXN,JPEREZ
1000,2026,1900101379,5100,1332.72,MXN,JPEREZ
1000,2026,1900101380,5100,121.50,MXN,JPEREZ
1000,2026,1900101381,5100,62012.28,MXN,JPEREZ
1000,2026,1900101382,5100,32925.23,MXN,JPEREZ
1000,2026,1900101383,5100,8910.09,MXN,JPEREZ
1000,2026,1900101384,5100,23666.93,MXN,JPEREZ
1000,2026,1900101385,5100,258.70,MXN,JPEREZ
1000,2026,1900101386,5100,725.50,MXN,JPEREZ
1000,2026,1900101387,5100,30852.10,MXN,JPEREZ
1000,2026,1900101388,5100,12252.25,MXN,JPEREZ
1000,2026,1900101389,5100,260.84,MXN,JPEREZ
1000,2026,1900101390,5100,13080.02,MXN,JPEREZ
1000,2026,1900101391,5100,2217.20,MXN,JPEREZ
1000,2026,1900101392,5100,103.69,MXN,JPEREZ
1000,2026,1900101393,5100,172.85,MXN,JPEREZ
1000,2026,1900101394,5100,585.83,MXN,JPEREZ
1000,2026,1900101395,5100,31980.80,MXN,JPEREZ
1000,2026,1900101396,5100,4430.09,MXN,JPEREZ
1000,2026,1900101397,5100,15195.13,MXN,JPEREZ
1000,2026,1900101398,5100,3831.02,MXN,JPEREZ
1000,2026,1900101399,5100,215.56,MXN,JPEREZ
1000,2026,1900101400,5100,731.65,MXN,JPEREZ
1000,2026,1900101401,5100,800.67,MXN,JPEREZ
1000,2026,1900101402,5100,139.07,MXN,JPEREZ
1000,2026,1900101403,5100,1817.51,MXN,JPEREZ
1000,2026,1900101404,5100,24082.26,MXN,JPEREZ
1000,2026,1900101405,5100,2351.48,MXN,JPEREZ
1000,2026,1900101406,5100,215.07,MXN,JPEREZ
1000,2026,1900101407,5100,51932.67,MXN,JPEREZ
1000,2026,1900101408,5100,6169.03,MXN,JPEREZ
1000,2026,1900101409,5100,112.02,MXN,JPEREZ
1000,2026,1900101410,5100,3516.63,MXN,JPEREZ
1000,2026,1900101411,5100,531.88,MXN,JPEREZ
1000,2026,1900101412,5100,269.61,MXN,JPEREZ
1000,2026,1900101413,5100,1939.62,MXN,JPEREZ
1000,2026,1900101414,5100,6989.22,MXN,JPEREZ
1000,2026,1900101415,5100,526.86,MXN,JPEREZ
1000,2026,1900101416,5100,1777.06,MXN,JPEREZ
1000,2026,1900101417,5100,9842.69,MXN,JPEREZ
1000,2026,1900101418,5100,180.65,MXN,JPEREZ
1000,2026,1900101419,5100,83938.94,MXN,JPEREZ
1000,2026,1900101420,5100,159.60,MXN,JPEREZ
1000,2026,1900101421,5100,3785.98,MXN,JPEREZ
1000,2026,1900101422,5100,3326.47,MXN,JPEREZ
1000,2026,1900101423,5100,92255.97,MXN,JPEREZ
1000,2026,1900101424,5100,4596.80,MXN,JPEREZ
1000,2026,1900101425,5100,1483.75,MXN,JPEREZ
1000,2026,1900101426,5100,2572.80,MXN,JPEREZ
1000,2026,1900101427,5100,8072.58,MXN,JPEREZ
1000,2026,1900101428,5100,87723.97,MXN,JPEREZ
1000,2026,1900101429,5100,576.70,MXN,JPEREZ
1000,2026,1900101430,5100,111.87,MXN,JPEREZ
1000,2026,1900101431,5100,23203.85,MXN,JPEREZ
1000,2026,1900101432,5100,1082.45,MXN,JPEREZ
1000,2026,1900101433,5100,15806.04,MXN,JPEREZ
1000,2026,1900101434,5100,7669.57,MXN,JPEREZ
1000,2026,1900101435,5100,20630.23,MXN,JPEREZ
1000,2026,1900101436,5100,16053.18,MXN,JPEREZ
1000,2026,1900101437,5100,994.39,MXN,JPEREZ
1000,2026,1900101438,5100,135.83,MXN,JPEREZ
1000,2026,1900101439,5100,4345.51,MXN,JPEREZ
1000,2026,1900101440,5100,27575.70,MXN,JPEREZ
1000,2026,1900101441,5100,335.17,MXN,JPEREZ
1000,2026,1900101442,5100,21748.42,MXN,JPEREZ
1000,2026,1900101443,5100,2476.67,MXN,JPEREZ
1000,2026,1900101444,5100,12194.61,MXN,JPEREZ
1000,2026,1900101445,5100,7856.11,MXN,JPEREZ
1000,2026,1900101446,5100,27195.25,MXN,JPEREZ
1000,2026,1900101447,5100,154.63,MXN,JPEREZ
1000,2026,1900101448,5100,21309.40,MXN,JPEREZ
1000,2026,1900101449,5100,2360.69,MXN,JPEREZ
1000,2026,1900101450,5100,759.15,MXN,JPEREZ
1000,2026,1900101451,5100,135.34,MXN,JPEREZ
1000,2026,1900101452,5100,396.65,MXN,JPEREZ
1000,2026,1900101453,5100,133.57,MXN,JPEREZ
1000,2026,1900101454,5100,63112.14,MXN,JPEREZ
1000,2026,1900101455,5100,3516.83,MXN,JPEREZ
1000,2026,1900101456,5100,92761.57,MXN,JPEREZ
1000,2026,1900101457,5100,4256.89,MXN,JPEREZ
1000,2026,1900101458,5100,575.36,MXN,JPEREZ
1000,2026,1900101459,5100,18191.68,MXN,JPEREZ
1000,2026,1900101460,5100,374.38,MXN,JPEREZ
1000,2026,1900101461,5100,1177.40,MXN,JPEREZ
1000,2026,1900101462,5100,22005.17,MXN,JPEREZ
1000,2026,1900101463,5100,39572.62,MXN,JPEREZ
1000,2026,1900101464,5100,990.32,MXN,JPEREZ
1000,2026,1900101465,5100,236.28,MXN,JPEREZ
1000,2026,1900101466,5100,1270.74,MXN,JPEREZ
1000,2026,1900101467,5100,46607.90,MXN,JPEREZ
1000,2026,1900101468,5100,16979.43,MXN,JPEREZ
1000,2026,1900101469,5100,48296.15,MXN,JPEREZ
1000,2026,1900101470,5100,1445.22,MXN,JPEREZ
1000,2026,1900101471,5100,83400.90,MXN,JPEREZ
1000,2026,1900101472,5100,3080.42,MXN,JPEREZ
1000,2026,1900101473,5100,3108.64,MXN,JPEREZ
1000,2026,1900101474,5100,59283.17,MXN,JPEREZ
1000,2026,1900101475,5100,3612.66,MXN,JPEREZ
1000,2026,1900101476,5100,25318.87,MXN,JPEREZ
1000,2026,1900101477,5100,15179.03,MXN,JPEREZ
1000,2026,1900101478,5100,172.50,MXN,JPEREZ
1000,2026,1900101479,5100,6417.41,MXN,JPEREZ
1000,2026,1900101480,5100,29310.54,MXN,JPEREZ
1000,2026,1900101481,5100,4329.35,MXN,JPEREZ
1000,2026,1900101482,5100,919.67,MXN,JPEREZ
1000,2026,1900101483,5100,173.86,MXN,JPEREZ
1000,2026,1900101484,5100,9610.76,MXN,JPEREZ
1000,2026,1900101485,5100,830.78,MXN,JPEREZ
1000,2026,1900101486,5100,6424.88,MXN,JPEREZ
1000,2026,1900101487,5100,1898.23,MXN,JPEREZ
1000,2026,1900101488,5100,11729.90,MXN,JPEREZ
1000,2026,1900101489,5100,1134.07,MXN,JPEREZ
1000,2026,1900101490,5100,133.99,MXN,JPEREZ
1000,2026,1900101491,5100,40748.49,MXN,JPEREZ
1000,2026,1900101492,5100,1142.03,MXN,JPEREZ
1000,2026,1900101493,5100,98730.60,MXN,JPEREZ
1000,2026,1900101494,5100,666.29,MXN,JPEREZ
1000,2026,1900101495,5100,87112.77,MXN,JPEREZ
1000,2026,1900101496,5100,69777.14,MXN,JPEREZ
1000,2026,1900101497,5100,167.93,MXN,JPEREZ
1000,2026,1900101498,5100,8175.94,MXN,JPEREZ
1000,2026,1900101499,5100,1230.08,MXN,JPEREZ
1000,2026,1900101500,5100,25309.75,MXN,JPEREZ
1000,2026,1900101501,5100,10920.23,MXN,JPEREZ
1000,2026,1900101502,5100,72171.91,MXN,JPEREZ
1000,2026,1900101503,5100,268.13,MXN,JPEREZ
1000,2026,1900101504,5100,6648.42,MXN,JPEREZ
1000,2026,1900101505,5100,22076.79,MXN,JPEREZ
1000,2026,1900101506,5100,127.17,MXN,JPEREZ
1000,2026,1900101507,5100,159.11,MXN,JPEREZ
1000,2026,1900101508,5100,21654.40,MXN,JPEREZ
1000,2026,1900101509,5100,1255.99,MXN,JPEREZ
1000,2026,1900101510,5100,1407.87,MXN,JPEREZ
1000,2026,1900101511,5100,5031.92,MXN,JPEREZ
1000,2026,1900101512,5100,6535.59,MXN,JPEREZ
1000,2026,1900101513,5100,10893.97,MXN,JPEREZ
1000,2026,1900101514,5100,70221.58,MXN,JPEREZ
1000,2026,1900101515,5100,1306.29,MXN,JPEREZ
1000,2026,1900101516,5100,19464.96,MXN,JPEREZ
1000,2026,1900101517,5100,5269.45,MXN,JPEREZ
1000,2026,1900101518,5100,3875.96,MXN,JPEREZ
1000,2026,1900101519,5100,1563.52,MXN,JPEREZ
1000,2026,1900101520,5100,8885.51,MXN,JPEREZ
1000,2026,1900101521,5100,560.83,MXN,JPEREZ
1000,2026,1900101522,5100,218.95,MXN,JPEREZ
1000,2026,1900101523,5100,16107.37,MXN,JPEREZ
1000,2026,1900101524,5100,3141.46,MXN,JPEREZ
1000,2026,1900101525,5100,1448.65,MXN,JPEREZ
1000,2026,1900101526,5100,4841.93,MXN,JPEREZ
1000,2026,1900101527,5100,610.00,MXN,JPEREZ
1000,2026,1900101528,5100,603.77,MXN,JPEREZ
1000,2026,1900101529,5100,2181.82,MXN,JPEREZ
1000,2026,1900101530,5100,97520.37,MXN,JPEREZ
1000,2026,1900101531,5100,719.00,MXN,JPEREZ
1000,2026,1900101532,5100,56161.25,MXN,JPEREZ
1000,2026,1900101533,5100,2975.78,MXN,JPEREZ
1000,2026,1900101534,5100,233.30,MXN,JPEREZ
1000,2026,1900101535,5100,36180.86,MXN,JPEREZ
1000,2026,1900101536,5100,2270.53,MXN,JPEREZ
1000,2026,1900101537,5100,49663.47,MXN,JPEREZ
1000,2026,1900101538,5100,2164.38,MXN,JPEREZ
1000,2026,1900101539,5100,183.39,MXN,JPEREZ
1000,2026,1900101540,5100,11111.89,MXN,JPEREZ
1000,2026,1900101541,5100,34400.41,MXN,JPEREZ
1000,2026,1900101542,5100,909.42,MXN,JPEREZ
1000,2026,1900101543,5100,1102.24,MXN,JPEREZ
1000,2026,1900101544,5100,156.61,MXN,JPEREZ
1000,2026,1900101545,5100,4231.69,MXN,JPEREZ
1000,2026,1900101546,5100,47205.77,MXN,JPEREZ
1000,2026,1900101547,5100,35816.75,MXN,JPEREZ
1000,2026,1900101548,5100,13659.26,MXN,JPEREZ
1000,2026,1900101549,5100,60530.38,MXN,JPEREZ
1000,2026,1900101550,5100,8186.53,MXN,JPEREZ
1000,2026,1900101551,5100,24048.56,MXN,JPEREZ
1000,2026,1900101552,5100,3359.44,MXN,JPEREZ
1000,2026,1900101553,5100,231.25,MXN,JPEREZ
1000,2026,1900101554,5100,400.81,MXN,JPEREZ
1000,2026,1900101555,5100,260.99,MXN,JPEREZ
1000,2026,1900101556,5100,23502.78,MXN,JPEREZ
1000,2026,1900101557,5100,119.91,MXN,JPEREZ
1000,2026,1900101558,5100,4592.66,MXN,JPEREZ
1000,2026,1900101559,5100,1278.60,MXN,JPEREZ
1000,2026,1900101560,5100,25762.33,MXN,JPEREZ
1000,2026,1900101561,5100,4517.94,MXN,JPEREZ
1000,2026,1900101562,5100,6852.44,MXN,JPEREZ
1000,2026,1900101563,5100,181.40,MXN,JPEREZ
1000,2026,1900101564,5100,846.98,MXN,JPEREZ
1000,2026,1900101565,5100,99720.66,MXN,JPEREZ
1000,2026,1900101566,5100,14341.98,MXN,JPEREZ
1000,2026,1900101567,5100,3776.48,MXN,JPEREZ
1000,2026,1900101568,5100,20299.89,MXN,JPEREZ
1000,2026,1900101569,5100,29513.33,MXN,JPEREZ
1000,2026,1900101570,5100,166.44,MXN,JPEREZ
1000,2026,1900101571,5100,82630.27,MXN,JPEREZ
1000,2026,1900101572,5100,8453.10,MXN,JPEREZ
1000,2026,1900101573,5100,2238.33,MXN,JPEREZ
1000,2026,1900101574,5100,10973.04,MXN,JPEREZ
1000,2026,1900101575,5100,1080.30,MXN,JPEREZ
1000,2026,1900101576,5100,43040.81,MXN,JPEREZ
1000,2026,1900101577,5100,21917.39,MXN,JPEREZ
1000,2026,1900101578,5100,8305.81,MXN,JPEREZ
1000,2026,1900101579,5100,351.47,MXN,JPEREZ
1000,2026,1900101580,5100,79212.52,MXN,JPEREZ
1000,2026,1900101581,5100,1985.43,MXN,JPEREZ
1000,2026,1900101582,5100,53968.06,MXN,JPEREZ
1000,2026,1900101583,5100,146.64,MXN,JPEREZ
1000,2026,1900101584,5100,235.77,MXN,JPEREZ
1000,2026,1900101585,5100,287.77,MXN,JPEREZ
1000,2026,1900101586,5100,311.87,MXN,JPEREZ
1000,2026,1900101587,5100,928.93,MXN,JPEREZ
1000,2026,1900101588,5100,13427.54,MXN,JPEREZ
1000,2026,1900101589,5100,1091.61,MXN,JPEREZ
1000,2026,1900101590,5100,66483.24,MXN,JPEREZ
1000,2026,1900101591,5100,48392.47,MXN,JPEREZ
1000,2026,1900101592,5100,34498.57,MXN,JPEREZ
1000,2026,1900101593,5100,564.70,MXN,JPEREZ
1000,2026,1900101594,5100,8038.43,MXN,JPEREZ
1000,2026,1900101595,5100,4492.87,MXN,JPEREZ
1000,2026,1900101596,5100,237.42,MXN,JPEREZ
1000,2026,1900101597,5100,809.98,MXN,JPEREZ
1000,2026,1900101598,5100,3985.05,MXN,JPEREZ
1000,2026,1900101599,5100,3218.99,MXN,JPEREZ
1000,2026,1900101600,5100,320.56,MXN,JPEREZ
1000,2026,1900101601,5100,66806.85,MXN,LHERNANDEZ
1000,2026,1900101602,5100,290.12,MXN,LHERNANDEZ
1000,2026,1900101603,5100,9466.70,MXN,LHERNANDEZ
1000,2026,1900101604,5100,14517.72,MXN,LHERNANDEZ
1000,2026,1900101605,5100,6537.58,MXN,LHERNANDEZ
1000,2026,1900101606,5100,33696.90,MXN,LHERNANDEZ
1000,2026,1900101607,5100,4907.43,MXN,LHERNANDEZ
1000,2026,1900101608,5100,29902.59,MXN,LHERNANDEZ
1000,2026,1900101609,5100,121.65,MXN,LHERNANDEZ
1000,2026,1900101610,5100,136.89,MXN,LHERNANDEZ
1000,2026,1900101611,5100,8401.58,MXN,LHERNANDEZ
1000,2026,1900101612,5100,5374.20,MXN,LHERNANDEZ
1000,2026,1900101613,5100,8982.35,MXN,LHERNANDEZ
1000,2026,1900101614,5100,19992.96,MXN,LHERNANDEZ
1000,2026,1900101615,5100,1777.30,MXN,LHERNANDEZ
1000,2026,1900101616,5100,8259.88,MXN,LHERNANDEZ
1000,2026,1900101617,5100,3119.71,MXN,LHERNANDEZ
1000,2026,1900101618,5100,7611.88,MXN,LHERNANDEZ
1000,2026,1900101619,5100,739.63,MXN,LHERNANDEZ
1000,2026,1900101620,5100,74122.58,MXN,LHERNANDEZ
1000,2026,1900101621,5100,2810.83,MXN,LHERNANDEZ
1000,2026,1900101622,5100,25945.64,MXN,LHERNANDEZ
1000,2026,1900101623,5100,11349.39,MXN,LHERNANDEZ
1000,2026,1900101624,5100,780.37,MXN,LHERNANDEZ
1000,2026,1900101625,5100,165.55,MXN,LHERNANDEZ
1000,2026,1900101626,5100,151.27,MXN,LHERNANDEZ
1000,2026,1900101627,5100,2083.61,MXN,LHERNANDEZ
1000,2026,1900101628,5100,2836.31,MXN,LHERNANDEZ
1000,2026,1900101629,5100,409.33,MXN,LHERNANDEZ
1000,2026,1900101630,5100,6606.64,MXN,LHERNANDEZ
1000,2026,1900101631,5100,866.46,MXN,LHERNANDEZ
1000,2026,1900101632,5100,14291.86,MXN,LHERNANDEZ
1000,2026,1900101633,5100,15944.07,MXN,LHERNANDEZ
1000,2026,1900101634,5100,38223.64,MXN,LHERNANDEZ
1000,2026,1900101635,5100,84357.24,MXN,LHERNANDEZ
1000,2026,1900101636,5100,246.77,MXN,LHERNANDEZ
1000,2026,1900101637,5100,1293.07,MXN,LHERNANDEZ
1000,2026,1900101638,5100,4841.21,MXN,LHERNANDEZ
1000,2026,1900101639,5100,906.46,MXN,LHERNANDEZ
1000,2026,1900101640,5100,2508.52,MXN,LHERNANDEZ
1000,2026,1900101641,5100,634.48,MXN,LHERNANDEZ
1000,2026,1900101642,5100,554.32,MXN,LHERNANDEZ
1000,2026,1900101643,5100,195.18,MXN,LHERNANDEZ
1000,2026,1900101644,5100,742.40,MXN,LHERNANDEZ
1000,2026,1900101645,5100,1420.53,MXN,LHERNANDEZ
1000,2026,1900101646,5100,7016.69,MXN,LHERNANDEZ
1000,2026,1900101647,5100,555.66,MXN,LHERNANDEZ
1000,2026,1900101648,5100,39438.69,MXN,LHERNANDEZ
1000,2026,1900101649,5100,301.37,MXN,LHERNANDEZ
1000,2026,1900101650,5100,960.08,MXN,LHERNANDEZ
1000,2026,1900101651,5100,5408.30,MXN,LHERNANDEZ
1000,2026,1900101652,5100,867.25,MXN,LHERNANDEZ
1000,2026,1900101653,5100,19469.92,MXN,LHERNANDEZ
1000,2026,1900101654,5100,3124.62,MXN,LHERNANDEZ
1000,2026,1900101655,5100,3500.86,MXN,LHERNANDEZ
1000,2026,1900101656,5100,3135.30,MXN,LHERNANDEZ
1000,2026,1900101657,5100,842.60,MXN,LHERNANDEZ
1000,2026,1900101658,5100,117.36,MXN,LHERNANDEZ
1000,2026,1900101659,5100,68501.24,MXN,LHERNANDEZ
1000,2026,1900101660,5100,3283.47,MXN,LHERNANDEZ
1000,2026,1900101661,5100,79443.78,MXN,LHERNANDEZ
1000,2026,1900101662,5100,442.01,MXN,LHERNANDEZ
1000,2026,1900101663,5100,1144.68,MXN,LHERNANDEZ
1000,2026,1900101664,5100,141.78,MXN,LHERNANDEZ
1000,2026,1900101665,5100,3052.69,MXN,LHERNANDEZ
1000,2026,1900101666,5100,44362.75,MXN,LHERNANDEZ
1000,2026,1900101667,5100,9178.68,MXN,LHERNANDEZ
1000,2026,1900101668,5100,2580.84,MXN,LHERNANDEZ
1000,2026,1900101669,5100,4074.48,MXN,LHERNANDEZ
1000,2026,1900101670,5100,34795.02,MXN,LHERNANDEZ
1000,2026,1900101671,5100,1962.38,MXN,LHERNANDEZ
1000,2026,1900101672,5100,44398.39,MXN,LHERNANDEZ
1000,2026,1900101673,5100,15223.84,MXN,LHERNANDEZ
1000,2026,1900101674,5100,19569.07,MXN,LHERNANDEZ
1000,2026,1900101675,5100,1252.60,MXN,LHERNANDEZ
1000,2026,1900101676,5100,1591.27,MXN,LHERNANDEZ
1000,2026,1900101677,5100,5138.60,MXN,LHERNANDEZ
1000,2026,1900101678,5100,383.68,MXN,LHERNANDEZ
1000,2026,1900101679,5100,4567.40,MXN,LHERNANDEZ
1000,2026,1900101680,5100,166.19,MXN,LHERNANDEZ
1000,2026,1900101681,5100,3256.62,MXN,LHERNANDEZ
1000,2026,1900101682,5100,19643.20,MXN,LHERNANDEZ
1000,2026,1900101683,5100,690.50,MXN,LHERNANDEZ
1000,2026,1900101684,5100,92741.07,MXN,LHERNANDEZ
1000,2026,1900101685,5100,10995.02,MXN,LHERNANDEZ
1000,2026,1900101686,5100,227.21,MXN,LHERNANDEZ
1000,2026,1900101687,5100,84187.66,MXN,LHERNANDEZ
1000,2026,1900101688,5100,1519.54,MXN,LHERNANDEZ
1000,2026,1900101689,5100,24248.88,MXN,LHERNANDEZ
1000,2026,1900101690,5100,1040.53,MXN,LHERNANDEZ
1000,2026,1900101691,5100,65591.22,MXN,LHERNANDEZ
1000,2026,1900101692,5100,18403.29,MXN,LHERNANDEZ
1000,2026,1900101693,5100,395.52,MXN,LHERNANDEZ
1000,2026,1900101694,5100,3367.96,MXN,LHERNANDEZ
1000,2026,1900101695,5100,3163.98,MXN,LHERNANDEZ
1000,2026,1900101696,5100,136.74,MXN,LHERNANDEZ
1000,2026,1900101697,5100,257.70,MXN,LHERNANDEZ
1000,2026,1900101698,5100,997.98,MXN,LHERNANDEZ
1000,2026,1900101699,5100,2637.74,MXN,LHERNANDEZ
1000,2026,1900101700,5100,2349.45,MXN,LHERNANDEZ
1000,2026,1900101701,5100,6588.42,MXN,LHERNANDEZ
1000,2026,1900101702,5100,3519.79,MXN,LHERNANDEZ
1000,2026,1900101703,5100,963.60,MXN,LHERNANDEZ
1000,2026,1900101704,5100,6905.65,MXN,LHERNANDEZ
1000,2026,1900101705,5100,307.26,MXN,LHERNANDEZ
1000,2026,1900101706,5100,93723.22,MXN,LHERNANDEZ
1000,2026,1900101707,5100,16518.02,MXN,LHERNANDEZ
1000,2026,1900101708,5100,790.14,MXN,LHERNANDEZ
1000,2026,1900101709,5100,1021.22,MXN,LHERNANDEZ
1000,2026,1900101710,5100,30539.94,MXN,LHERNANDEZ
1000,2026,1900101711,5100,3953.84,MXN,LHERNANDEZ
1000,2026,1900101712,5100,13372.71,MXN,LHERNANDEZ
1000,2026,1900101713,5100,793.18,MXN,LHERNANDEZ
1000,2026,1900101714,5100,28005.70,MXN,LHERNANDEZ
1000,2026,1900101715,5100,1273.72,MXN,LHERNANDEZ
1000,2026,1900101716,5100,10505.56,MXN,LHERNANDEZ
1000,2026,1900101717,5100,87035.03,MXN,LHERNANDEZ
1000,2026,1900101718,5100,5637.76,MXN,LHERNANDEZ
1000,2026,1900101719,5100,24562.04,MXN,LHERNANDEZ
1000,2026,1900101720,5100,14995.90,MXN,LHERNANDEZ
1000,2026,1900101721,5100,11591.27,MXN,LHERNANDEZ
1000,2026,1900101722,5100,120.21,MXN,LHERNANDEZ
1000,2026,1900101723,5100,2653.20,MXN,LHERNANDEZ
1000,2026,1900101724,5100,79654.83,MXN,LHERNANDEZ
1000,2026,1900101725,5100,22320.91,MXN,LHERNANDEZ
1000,2026,1900101726,5100,21305.22,MXN,LHERNANDEZ
1000,2026,1900101727,5100,5406.34,MXN,LHERNANDEZ
1000,2026,1900101728,5100,14594.87,MXN,LHERNANDEZ
1000,2026,1900101729,5100,5630.80,MXN,LHERNANDEZ
1000,2026,1900101730,5100,324.74,MXN,LHERNANDEZ
1000,2026,1900101731,5100,7710.38,MXN,LHERNANDEZ
1000,2026,1900101732,5100,7231.15,MXN,LHERNANDEZ
1000,2026,1900101733,5100,33381.16,MXN,LHERNANDEZ
1000,2026,1900101734,5100,277.54,MXN,LHERNANDEZ
1000,2026,1900101735,5100,11019.98,MXN,LHERNANDEZ
1000,2026,1900101736,5100,124.37,MXN,LHERNANDEZ
1000,2026,1900101737,5100,69922.27,MXN,LHERNANDEZ
1000,2026,1900101738,5100,213.64,MXN,LHERNANDEZ
1000,2026,1900101739,5100,113.98,MXN,LHERNANDEZ
1000,2026,1900101740,5100,873.13,MXN,LHERNANDEZ
1000,2026,1900101741,5100,284.64,MXN,LHERNANDEZ
1000,2026,1900101742,5100,11789.65,MXN,LHERNANDEZ
1000,2026,1900101743,5100,1702.68,MXN,LHERNANDEZ
1000,2026,1900101744,5100,21130.85,MXN,LHERNANDEZ
1000,2026,1900101745,5100,57751.44,MXN,LHERNANDEZ
1000,2026,1900101746,5100,41538.72,MXN,LHERNANDEZ
1000,2026,1900101747,5100,16125.45,MXN,LHERNANDEZ
1000,2026,1900101748,5100,153.76,MXN,LHERNANDEZ
1000,2026,1900101749,5100,259.57,MXN,LHERNANDEZ
1000,2026,1900101750,5100,418.82,MXN,LHERNANDEZ
1000,2026,1900101751,5100,944.38,MXN,LHERNANDEZ
1000,2026,1900101752,5100,9697.96,MXN,LHERNANDEZ
1000,2026,1900101753,5100,3770.78,MXN,LHERNANDEZ
1000,2026,1900101754,5100,873.49,MXN,LHERNANDEZ
1000,2026,1900101755,5100,330.79,MXN,LHERNANDEZ
1000,2026,1900101756,5100,54496.99,MXN,LHERNANDEZ
1000,2026,1900101757,5100,1064.10,MXN,LHERNANDEZ
1000,2026,1900101758,5100,1155.74,MXN,LHERNANDEZ
1000,2026,1900101759,5100,20699.95,MXN,LHERNANDEZ
1000,2026,1900101760,5100,14547.01,MXN,LHERNANDEZ
1000,2026,1900101761,5100,8509.96,MXN,LHERNANDEZ
1000,2026,1900101762,5100,12020.98,MXN,LHERNANDEZ
1000,2026,1900101763,5100,6764.41,MXN,LHERNANDEZ
1000,2026,1900101764,5100,377.39,MXN,LHERNANDEZ
1000,2026,1900101765,5100,548.98,MXN,LHERNANDEZ
1000,2026,1900101766,5100,4723.46,MXN,LHERNANDEZ
1000,2026,1900101767,5100,472.72,MXN,LHERNANDEZ
1000,2026,1900101768,5100,82933.86,MXN,LHERNANDEZ
1000,2026,1900101769,5100,781.35,MXN,LHERNANDEZ
1000,2026,1900101770,5100,736.23,MXN,LHERNANDEZ
1000,2026,1900101771,5100,418.63,MXN,LHERNANDEZ
1000,2026,1900101772,5100,13030.61,MXN,LHERNANDEZ
1000,2026,1900101773,5100,893.56,MXN,LHERNANDEZ
1000,2026,1900101774,5100,1112.78,MXN,LHERNANDEZ
1000,2026,1900101775,5100,63255.91,MXN,LHERNANDEZ
1000,2026,1900101776,5100,24334.14,MXN,LHERNANDEZ
1000,2026,1900101777,5100,661.26,MXN,LHERNANDEZ
1000,2026,1900101778,5100,232.07,MXN,LHERNANDEZ
1000,2026,1900101779,5100,10711.91,MXN,LHERNANDEZ
1000,2026,1900101780,5100,1377.47,MXN,LHERNANDEZ
1000,2026,1900101781,5100,87193.00,MXN,LHERNANDEZ
1000,2026,1900101782,5100,28518.87,MXN,LHERNANDEZ
1000,2026,1900101783,5100,73084.72,MXN,LHERNANDEZ
1000,2026,1900101784,5100,25932.69,MXN,LHERNANDEZ
1000,2026,1900101785,5100,743.63,MXN,LHERNANDEZ
1000,2026,1900101786,5100,729.27,MXN,LHERNANDEZ
1000,2026,1900101787,5100,13881.10,MXN,LHERNANDEZ
1000,2026,1900101788,5100,1094.18,MXN,LHERNANDEZ
1000,2026,1900101789,5100,2123.87,MXN,LHERNANDEZ
1000,2026,1900101790,5100,587.94,MXN,LHERNANDEZ
1000,2026,1900101791,5100,2736.77,MXN,LHERNANDEZ
1000,2026,1900101792,5100,403.84,MXN,LHERNANDEZ
1000,2026,1900101793,5100,4127.94,MXN,LHERNANDEZ
1000,2026,1900101794,5100,62961.03,MXN,LHERNANDEZ
1000,2026,1900101795,5100,12260.66,MXN,LHERNANDEZ
1000,2026,1900101796,5100,258.12,MXN,LHERNANDEZ
1000,2026,1900101797,5100,7031.23,MXN,LHERNANDEZ
1000,2026,1900101798,5100,5760.92,MXN,LHERNANDEZ
1000,2026,1900101799,5100,533.79,MXN,LHERNANDEZ
1000,2026,1900101800,5100,10221.20,MXN,LHERNANDEZ
1000,2026,1900101801,5100,3918.54,MXN,LHERNANDEZ
1000,2026,1900101802,5100,8200.38,MXN,LHERNANDEZ
1000,2026,1900101803,5100,143.71,MXN,LHERNANDEZ
1000,2026,1900101804,5100,1737.42,MXN,LHERNANDEZ
1000,2026,1900101805,5100,14193.00,MXN,LHERNANDEZ
1000,2026,1900101806,5100,200.28,MXN,LHERNANDEZ
1000,2026,1900101807,5100,20525.71,MXN,LHERNANDEZ
1000,2026,1900101808,5100,103.64,MXN,LHERNANDEZ
1000,2026,1900101809,5100,4477.73,MXN,LHERNANDEZ
1000,2026,1900101810,5100,61277.22,MXN,LHERNANDEZ
1000,2026,1900101811,5100,1662.35,MXN,LHERNANDEZ
1000,2026,1900101812,5100,63840.50,MXN,LHERNANDEZ
1000,2026,1900101813,5100,43171.67,MXN,LHERNANDEZ
1000,2026,1900101814,5100,2706.11,MXN,LHERNANDEZ
1000,2026,1900101815,5100,396.61,MXN,LHERNANDEZ
1000,2026,1900101816,5100,77936.72,MXN,LHERNANDEZ
1000,2026,1900101817,5100,919.40,MXN,LHERNANDEZ
1000,2026,1900101818,5100,8663.51,MXN,LHERNANDEZ
1000,2026,1900101819,5100,52943.28,MXN,LHERNANDEZ
1000,2026,1900101820,5100,185.52,MXN,LHERNANDEZ
1000,2026,1900101821,5100,5277.16,MXN,LHERNANDEZ
1000,2026,1900101822,5100,4031.41,MXN,LHERNANDEZ
1000,2026,1900101823,5100,14769.07,MXN,LHERNANDEZ
1000,2026,1900101824,5100,64566.63,MXN,LHERNANDEZ
1000,2026,1900101825,5100,54914.77,MXN,LHERNANDEZ
1000,2026,1900101826,5100,335.12,MXN,LHERNANDEZ
1000,2026,1900101827,5100,44333.80,MXN,LHERNANDEZ
1000,2026,1900101828,5100,336.80,MXN,LHERNANDEZ
1000,2026,1900101829,5100,57399.01,MXN,LHERNANDEZ
1000,2026,1900101830,5100,98065.31,MXN,LHERNANDEZ
1000,2026,1900101831,5100,1552.33,MXN,LHERNANDEZ
1000,2026,1900101832,5100,3063.03,MXN,LHERNANDEZ
1000,2026,1900101833,5100,64539.59,MXN,LHERNANDEZ
1000,2026,1900101834,5100,76982.88,MXN,LHERNANDEZ
1000,2026,1900101835,5100,59995.56,MXN,LHERNANDEZ
1000,2026,1900101836,5100,42680.50,MXN,LHERNANDEZ
1000,2026,1900101837,5100,106.61,MXN,LHERNANDEZ
1000,2026,1900101838,5100,5056.91,MXN,LHERNANDEZ
1000,2026,1900101839,5100,209.85,MXN,LHERNANDEZ
1000,2026,1900101840,5100,88916.36,MXN,LHERNANDEZ
1000,2026,1900101841,5100,713.98,MXN,LHERNANDEZ
1000,2026,1900101842,5100,92746.69,MXN,LHERNANDEZ
1000,2026,1900101843,5100,4264.83,MXN,LHERNANDEZ
1000,2026,1900101844,5100,3032.06,MXN,LHERNANDEZ
1000,2026,1900101845,5100,65415.63,MXN,LHERNANDEZ
1000,2026,1900101846,5100,35742.03,MXN,LHERNANDEZ
1000,2026,1900101847,5100,2535.49,MXN,LHERNANDEZ
1000,2026,1900101848,5100,378.82,MXN,LHERNANDEZ
1000,2026,1900101849,5100,217.74,MXN,LHERNANDEZ
1000,2026,1900101850,5100,307.24,MXN,LHERNANDEZ
1000,2026,1900101851,5100,2380.91,MXN,LHERNANDEZ
1000,2026,1900101852,5100,591.28,MXN,LHERNANDEZ
1000,2026,1900101853,5100,361.91,MXN,LHERNANDEZ
1000,2026,1900101854,5100,16212.64,MXN,LHERNANDEZ
1000,2026,1900101855,5100,23566.93,MXN,LHERNANDEZ
1000,2026,1900101856,5100,5050.61,MXN,LHERNANDEZ
1000,2026,1900101857,5100,18700.29,MXN,LHERNANDEZ
1000,2026,1900101858,5100,336.11,MXN,LHERNANDEZ
1000,2026,1900101859,5100,37020.26,MXN,LHERNANDEZ
1000,2026,1900101860,5100,49105.29,MXN,LHERNANDEZ
1000,2026,1900101861,5100,30267.01,MXN,LHERNANDEZ
1000,2026,1900101862,5100,3514.33,MXN,LHERNANDEZ
1000,2026,1900101863,5100,182.06,MXN,LHERNANDEZ
1000,2026,1900101864,5100,10180.46,MXN,LHERNANDEZ
1000,2026,1900101865,5100,358.38,MXN,LHERNANDEZ
1000,2026,1900101866,5100,264.14,MXN,LHERNANDEZ
1000,2026,1900101867,5100,934.99,MXN,LHERNANDEZ
1000,2026,1900101868,5100,554.81,MXN,LHERNANDEZ
1000,2026,1900101869,5100,605.84,MXN,LHERNANDEZ
1000,2026,1900101870,5100,508.82,MXN,LHERNANDEZ
1000,2026,1900101871,5100,18250.30,MXN,LHERNANDEZ
1000,2026,1900101872,5100,72795.49,MXN,LHERNANDEZ
1000,2026,1900101873,5100,805.08,MXN,LHERNANDEZ
1000,2026,1900101874,5100,14745.10,MXN,LHERNANDEZ
1000,2026,1900101875,5100,108.22,MXN,LHERNANDEZ
1000,2026,1900101876,5100,9142.19,MXN,LHERNANDEZ
1000,2026,1900101877,5100,11975.83,MXN,LHERNANDEZ
1000,2026,1900101878,5100,153.59,MXN,LHERNANDEZ
1000,2026,1900101879,5100,226.29,MXN,LHERNANDEZ
1000,2026,1900101880,5100,832.57,MXN,LHERNANDEZ
1000,2026,1900101881,5100,1645.32,MXN,LHERNANDEZ
1000,2026,1900101882,5100,3217.82,MXN,LHERNANDEZ
1000,2026,1900101883,5100,48456.84,MXN,LHERNANDEZ
1000,2026,1900101884,5100,12902.42,MXN,LHERNANDEZ
1000,2026,1900101885,5100,856.91,MXN,LHERNANDEZ
1000,2026,1900101886,5100,225.03,MXN,LHERNANDEZ
1000,2026,1900101887,5100,56026.20,MXN,LHERNANDEZ
1000,2026,1900101888,5100,767.56,MXN,LHERNANDEZ
1000,2026,1900101889,5100,6980.34,MXN,LHERNANDEZ
1000,2026,1900101890,5100,454.35,MXN,LHERNANDEZ
1000,2026,1900101891,5100,251.60,MXN,LHERNANDEZ
1000,2026,1900101892,5100,288.11,MXN,LHERNANDEZ
1000,2026,1900101893,5100,17506.71,MXN,LHERNANDEZ
1000,2026,1900101894,5100,6564.73,MXN,LHERNANDEZ
1000,2026,1900101895,5100,1768.22,MXN,LHERNANDEZ
1000,2026,1900101896,5100,4443.28,MXN,LHERNANDEZ
1000,2026,1900101897,5100,2585.14,MXN,LHERNANDEZ
1000,2026,1900101898,5100,4097.82,MXN,LHERNANDEZ
1000,2026,1900101899,5100,9823.89,MXN,LHERNANDEZ
1000,2026,1900101900,5100,452.10,MXN,LHERNANDEZ
1000,2026,1900101901,5100,552.58,MXN,LHERNANDEZ
1000,2026,1900101902,5100,18374.63,MXN,LHERNANDEZ
1000,2026,1900101903,5100,41629.88,MXN,LHERNANDEZ
1000,2026,1900101904,5100,176.04,MXN,LHERNANDEZ
1000,2026,1900101905,5100,2188.99,MXN,LHERNANDEZ
1000,2026,1900101906,5100,12921.07,MXN,LHERNANDEZ
1000,2026,1900101907,5100,171.52,MXN,LHERNANDEZ
1000,2026,1900101908,5100,4926.13,MXN,LHERNANDEZ
1000,2026,1900101909,5100,153.21,MXN,LHERNANDEZ
1000,2026,1900101910,5100,4394.89,MXN,LHERNANDEZ
1000,2026,1900101911,5100,3284.44,MXN,LHERNANDEZ
1000,2026,1900101912,5100,5225.23,MXN,LHERNANDEZ
1000,2026,1900101913,5100,281.55,MXN,LHERNANDEZ
1000,2026,1900101914,5100,964.61,MXN,LHERNANDEZ
1000,2026,1900101915,5100,3639.36,MXN,LHERNANDEZ
1000,2026,1900101916,5100,223.21,MXN,LHERNANDEZ
1000,2026,1900101917,5100,413.24,MXN,LHERNANDEZ
1000,2026,1900101918,5100,5616.21,MXN,LHERNANDEZ
1000,2026,1900101919,5100,187.42,MXN,LHERNANDEZ
1000,2026,1900101920,5100,3397.24,MXN,LHERNANDEZ
1000,2026,1900101921,5100,26673.27,MXN,LHERNANDEZ
1000,2026,1900101922,5100,2292.43,MXN,LHERNANDEZ
1000,2026,1900101923,5100,3465.32,MXN,LHERNANDEZ
1000,2026,1900101924,5100,2346.36,MXN,LHERNANDEZ
1000,2026,1900101925,5100,149.01,MXN,LHERNANDEZ
1000,2026,1900101926,5100,2438.57,MXN,LHERNANDEZ
1000,2026,1900101927,5100,26347.90,MXN,LHERNANDEZ
1000,2026,1900101928,5100,14785.64,MXN,LHERNANDEZ
1000,2026,1900101929,5100,1541.15,MXN,LHERNANDEZ
1000,2026,1900101930,5100,28142.31,MXN,LHERNANDEZ
1000,2026,1900101931,5100,17274.82,MXN,LHERNANDEZ
1000,2026,1900101932,5100,5431.68,MXN,LHERNANDEZ
1000,2026,1900101933,5100,136.73,MXN,LHERNANDEZ
1000,2026,1900101934,5100,1080.41,MXN,LHERNANDEZ
1000,2026,1900101935,5100,155.34,MXN,LHERNANDEZ
1000,2026,1900101936,5100,96022.05,MXN,LHERNANDEZ
1000,2026,1900101937,5100,63642.67,MXN,LHERNANDEZ
1000,2026,1900101938,5100,161.09,MXN,LHERNANDEZ
1000,2026,1900101939,5100,63288.77,MXN,LHERNANDEZ
1000,2026,1900101940,5100,124.51,MXN,LHERNANDEZ
1000,2026,1900101941,5100,1685.00,MXN,LHERNANDEZ
1000,2026,1900101942,5100,20272.91,MXN,LHERNANDEZ
1000,2026,1900101943,5100,19837.32,MXN,LHERNANDEZ
1000,2026,1900101944,5100,86099.35,MXN,LHERNANDEZ
1000,2026,1900101945,5100,8662.48,MXN,LHERNANDEZ
1000,2026,1900101946,5100,1824.26,MXN,LHERNANDEZ
1000,2026,1900101947,5100,95185.28,MXN,LHERNANDEZ
1000,2026,1900101948,5100,1404.23,MXN,LHERNANDEZ
1000,2026,1900101949,5100,40631.31,MXN,LHERNANDEZ
1000,2026,1900101950,5100,52517.24,MXN,LHERNANDEZ
1000,2026,1900101951,5100,1339.48,MXN,LHERNANDEZ
1000,2026,1900101952,5100,11173.55,MXN,LHERNANDEZ
1000,2026,1900101953,5100,9668.91,MXN,LHERNANDEZ
1000,2026,1900101954,5100,4148.59,MXN,LHERNANDEZ
1000,2026,1900101955,5100,9132.77,MXN,LHERNANDEZ
1000,2026,1900101956,5100,1104.87,MXN,LHERNANDEZ
1000,2026,1900101957,5100,343.10,MXN,LHERNANDEZ
1000,2026,1900101958,5100,4090.49,MXN,LHERNANDEZ
1000,2026,1900101959,5100,3859.47,MXN,LHERNANDEZ
1000,2026,1900101960,5100,15260.70,MXN,LHERNANDEZ
1000,2026,1900101961,5100,465.66,MXN,LHERNANDEZ
1000,2026,1900101962,5100,102.43,MXN,LHERNANDEZ
1000,2026,1900101963,5100,117.01,MXN,LHERNANDEZ
1000,2026,1900101964,5100,785.40,MXN,LHERNANDEZ
1000,2026,1900101965,5100,10483.34,MXN,LHERNANDEZ
1000,2026,1900101966,5100,4298.69,MXN,LHERNANDEZ
1000,2026,1900101967,5100,3942.76,MXN,LHERNANDEZ
1000,2026,1900101968,5100,29517.62,MXN,LHERNANDEZ
1000,2026,1900101969,5100,552.76,MXN,LHERNANDEZ
1000,2026,1900101970,5100,1092.65,MXN,LHERNANDEZ
1000,2026,1900101971,5100,671.35,MXN,LHERNANDEZ
1000,2026,1900101972,5100,64897.97,MXN,LHERNANDEZ
1000,2026,1900101973,5100,14964.83,MXN,LHERNANDEZ
1000,2026,1900101974,5100,218.04,MXN,LHERNANDEZ
1000,2026,1900101975,5100,26818.50,MXN,LHERNANDEZ
1000,2026,1900101976,5100,1810.18,MXN,LHERNANDEZ
1000,2026,1900101977,5100,19868.29,MXN,LHERNANDEZ
1000,2026,1900101978,5100,44799.16,MXN,LHERNANDEZ
1000,2026,1900101979,5100,111.41,MXN,LHERNANDEZ
1000,2026,1900101980,5100,415.19,MXN,LHERNANDEZ
1000,2026,1900101981,5100,200.77,MXN,LHERNANDEZ
1000,2026,1900101982,5100,126.10,MXN,LHERNANDEZ
1000,2026,1900101983,5100,6213.76,MXN,LHERNANDEZ
1000,2026,1900101984,5100,12878.31,MXN,LHERNANDEZ
1000,2026,1900101985,5100,139.97,MXN,LHERNANDEZ
1000,2026,1900101986,5100,16658.01,MXN,LHERNANDEZ
1000,2026,1900101987,5100,1609.89,MXN,LHERNANDEZ
1000,2026,1900101988,5100,504.68,MXN,LHERNANDEZ
1000,2026,1900101989,5100,448.55,MXN,LHERNANDEZ
1000,2026,1900101990,5100,39011.33,MXN,LHERNANDEZ
1000,2026,1900101991,5100,147.68,MXN,LHERNANDEZ
1000,2026,1900101992,5100,3248.53,MXN,LHERNANDEZ
1000,2026,1900101993,5100,737.55,MXN,LHERNANDEZ
1000,2026,1900101994,5100,28012.95,MXN,LHERNANDEZ
1000,2026,1900101995,5100,15651.37,MXN,LHERNANDEZ
1000,2026,1900101996,5100,905.13,MXN,LHERNANDEZ
1000,2026,1900101997,5100,6219.46,MXN,LHERNANDEZ
1000,2026,1900101998,5100,10413.48,MXN,LHERNANDEZ
1000,2026,1900101999,5100,916.21,MXN,LHERNANDEZ
1000,2026,1900102000,5100,804.07,MXN,LHERNANDEZ
1000,2026,1900102001,5100,4829.45,MXN,RTORRES
1000,2026,1900102002,5100,4649.95,MXN,RTORRES
1000,2026,1900102003,5100,4973.31,MXN,RTORRES
1000,2026,1900102004,5100,54291.64,MXN,RTORRES
1000,2026,1900102005,5100,4713.17,MXN,RTORRES
1000,2026,1900102006,5100,4985.17,MXN,RTORRES
1000,2026,1900102007,5100,10328.27,MXN,RTORRES
1000,2026,1900102008,5100,904.07,MXN,RTORRES
1000,2026,1900102009,5100,4574.46,MXN,RTORRES
1000,2026,1900102010,5100,4876.45,MXN,RTORRES
1000,2026,1900102011,5100,4923.82,MXN,RTORRES
1000,2026,1900102012,5100,4853.08,MXN,RTORRES
1000,2026,1900102013,5100,55491.12,MXN,RTORRES
1000,2026,1900102014,5100,4982.93,MXN,RTORRES
1000,2026,1900102015,5100,4566.91,MXN,RTORRES
1000,2026,1900102016,5100,4601.47,MXN,RTORRES
1000,2026,1900102017,5100,4960.19,MXN,RTORRES
1000,2026,1900102018,5100,189.41,MXN,RTORRES
1000,2026,1900102019,5100,372.77,MXN,RTORRES
1000,2026,1900102020,5100,4836.16,MXN,RTORRES
1000,2026,1900102021,5100,4935.94,MXN,RTORRES
1000,2026,1900102022,5100,4880.09,MXN,RTORRES
1000,2026,1900102023,5100,4748.45,MXN,RTORRES
1000,2026,1900102024,5100,4933.87,MXN,RTORRES
1000,2026,1900102025,5100,4977.55,MXN,RTORRES
1000,2026,1900102026,5100,4967.64,MXN,RTORRES
1000,2026,1900102027,5100,224.88,MXN,RTORRES
1000,2026,1900102028,5100,2733.77,MXN,RTORRES
1000,2026,1900102029,5100,4801.60,MXN,RTORRES
1000,2026,1900102030,5100,4956.65,MXN,RTORRES
1000,2026,1900102031,5100,4886.98,MXN,RTORRES
1000,2026,1900102032,5100,4766.29,MXN,RTORRES
1000,2026,1900102033,5100,4630.52,MXN,RTORRES
1000,2026,1900102034,5100,4748.14,MXN,RTORRES
1000,2026,1900102035,5100,4989.68,MXN,RTORRES
1000,2026,1900102036,5100,4919.03,MXN,RTORRES
1000,2026,1900102037,5100,1294.54,MXN,RTORRES
1000,2026,1900102038,5100,4780.70,MXN,RTORRES
1000,2026,1900102039,5100,4572.82,MXN,RTORRES
1000,2026,1900102040,5100,4966.44,MXN,RTORRES
1000,2026,1900102041,5100,4708.37,MXN,RTORRES
1000,2026,1900102042,5100,4664.60,MXN,RTORRES
1000,2026,1900102043,5100,4915.85,MXN,RTORRES
1000,2026,1900102044,5100,4826.65,MXN,RTORRES
1000,2026,1900102045,5100,591.53,MXN,RTORRES
1000,2026,1900102046,5100,79345.96,MXN,RTORRES
1000,2026,1900102047,5100,4744.81,MXN,RTORRES
1000,2026,1900102048,5100,4896.69,MXN,RTORRES
1000,2026,1900102049,5100,4859.44,MXN,RTORRES
1000,2026,1900102050,5100,4957.53,MXN,RTORRES
1000,2026,1900102051,5100,4820.26,MXN,RTORRES
1000,2026,1900102052,5100,4516.88,MXN,RTORRES
1000,2026,1900102053,5100,68480.09,MXN,RTORRES
1000,2026,1900102054,5100,19634.35,MXN,RTORRES
1000,2026,1900102055,5100,4920.43,MXN,RTORRES
1000,2026,1900102056,5100,4852.88,MXN,RTORRES
1000,2026,1900102057,5100,4752.36,MXN,RTORRES
1000,2026,1900102058,5100,4808.30,MXN,RTORRES
1000,2026,1900102059,5100,7072.26,MXN,RTORRES
1000,2026,1900102060,5100,4743.44,MXN,RTORRES
1000,2026,1900102061,5100,4775.27,MXN,RTORRES
1000,2026,1900102062,5100,4764.18,MXN,RTORRES
1000,2026,1900102063,5100,4987.76,MXN,RTORRES
1000,2026,1900102064,5100,4905.77,MXN,RTORRES
1000,2026,1900102065,5100,26212.18,MXN,RTORRES
1000,2026,1900102066,5100,209.44,MXN,RTORRES
1000,2026,1900102067,5100,4574.30,MXN,RTORRES
1000,2026,1900102068,5100,4762.70,MXN,RTORRES
1000,2026,1900102069,5100,633.83,MXN,RTORRES
1000,2026,1900102070,5100,4686.15,MXN,RTORRES
1000,2026,1900102071,5100,4781.94,MXN,RTORRES
1000,2026,1900102072,5100,475.96,MXN,RTORRES
1000,2026,1900102073,5100,34962.41,MXN,RTORRES
1000,2026,1900102074,5100,37554.11,MXN,RTORRES
1000,2026,1900102075,5100,190.77,MXN,RTORRES
1000,2026,1900102076,5100,4775.80,MXN,RTORRES
1000,2026,1900102077,5100,4504.72,MXN,RTORRES
1000,2026,1900102078,5100,4749.43,MXN,RTORRES
1000,2026,1900102079,5100,4891.40,MXN,RTORRES
1000,2026,1900102080,5100,4928.12,MXN,RTORRES
1000,2026,1900102081,5100,4763.55,MXN,RTORRES
1000,2026,1900102082,5100,4605.50,MXN,RTORRES
1000,2026,1900102083,5100,45989.95,MXN,RTORRES
1000,2026,1900102084,5100,4523.23,MXN,RTORRES
1000,2026,1900102085,5100,4961.87,MXN,RTORRES
1000,2026,1900102086,5100,4903.76,MXN,RTORRES
1000,2026,1900102087,5100,4963.45,MXN,RTORRES
1000,2026,1900102088,5100,4979.77,MXN,RTORRES
1000,2026,1900102089,5100,4875.37,MXN,RTORRES
1000,2026,1900102090,5100,1566.35,MXN,RTORRES
1000,2026,1900102091,5100,4581.06,MXN,RTORRES
1000,2026,1900102092,5100,4916.49,MXN,RTORRES
1000,2026,1900102093,5100,4947.37,MXN,RTORRES
1000,2026,1900102094,5100,4877.05,MXN,RTORRES
1000,2026,1900102095,5100,4993.25,MXN,RTORRES
1000,2026,1900102096,5100,3179.64,MXN,RTORRES
1000,2026,1900102097,5100,144.91,MXN,RTORRES
1000,2026,1900102098,5100,4918.50,MXN,RTORRES
1000,2026,1900102099,5100,4883.73,MXN,RTORRES
1000,2026,1900102100,5100,1549.21,MXN,RTORRES
1000,2026,1900102101,5100,122.71,MXN,RTORRES
1000,2026,1900102102,5100,4995.30,MXN,RTORRES
1000,2026,1900102103,5100,4677.55,MXN,RTORRES
1000,2026,1900102104,5100,1974.89,MXN,RTORRES
1000,2026,1900102105,5100,9594.35,MXN,RTORRES
1000,2026,1900102106,5100,4808.69,MXN,RTORRES
1000,2026,1900102107,5100,13782.42,MXN,RTORRES
1000,2026,1900102108,5100,4576.96,MXN,RTORRES
1000,2026,1900102109,5100,7974.49,MXN,RTORRES
1000,2026,1900102110,5100,891.32,MXN,RTORRES
1000,2026,1900102111,5100,4502.59,MXN,RTORRES
1000,2026,1900102112,5100,4679.60,MXN,RTORRES
1000,2026,1900102113,5100,4566.12,MXN,RTORRES
1000,2026,1900102114,5100,4723.97,MXN,RTORRES
1000,2026,1900102115,5100,4703.61,MXN,RTORRES
1000,2026,1900102116,5100,4676.60,MXN,RTORRES
1000,2026,1900102117,5100,4798.42,MXN,RTORRES
1000,2026,1900102118,5100,4692.23,MXN,RTORRES
1000,2026,1900102119,5100,4693.51,MXN,RTORRES
1000,2026,1900102120,5100,4949.67,MXN,RTORRES
1000,2026,1900102121,5100,86004.11,MXN,RTORRES
1000,2026,1900102122,5100,4584.62,MXN,RTORRES
1000,2026,1900102123,5100,4569.28,MXN,RTORRES
1000,2026,1900102124,5100,4746.07,MXN,RTORRES
1000,2026,1900102125,5100,4716.90,MXN,RTORRES
1000,2026,1900102126,5100,4741.63,MXN,RTORRES
1000,2026,1900102127,5100,4625.60,MXN,RTORRES
1000,2026,1900102128,5100,4811.89,MXN,RTORRES
1000,2026,1900102129,5100,4597.58,MXN,RTORRES
1000,2026,1900102130,5100,4652.02,MXN,RTORRES
1000,2026,1900102131,5100,992.32,MXN,RTORRES
1000,2026,1900102132,5100,4901.23,MXN,RTORRES
1000,2026,1900102133,5100,4667.03,MXN,RTORRES
1000,2026,1900102134,5100,37890.07,MXN,RTORRES
1000,2026,1900102135,5100,256.08,MXN,RTORRES
1000,2026,1900102136,5100,4972.69,MXN,RTORRES
1000,2026,1900102137,5100,4656.78,MXN,RTORRES
1000,2026,1900102138,5100,80570.43,MXN,RTORRES
1000,2026,1900102139,5100,4846.78,MXN,RTORRES
1000,2026,1900102140,5100,4787.36,MXN,RTORRES
1000,2026,1900102141,5100,4687.65,MXN,RTORRES
1000,2026,1900102142,5100,1509.40,MXN,RTORRES
1000,2026,1900102143,5100,4781.36,MXN,RTORRES
1000,2026,1900102144,5100,4772.27,MXN,RTORRES
1000,2026,1900102145,5100,4469.90,MXN,RTORRES
1000,2026,1900102146,5100,2425.87,MXN,RTORRES
1000,2026,1900102147,5100,2067.12,MXN,RTORRES
1000,2026,1900102148,5100,4845.72,MXN,RTORRES
1000,2026,1900102149,5100,24376.45,MXN,RTORRES
1000,2026,1900102150,5100,4749.15,MXN,RTORRES
1000,2026,1900102151,5100,4620.77,MXN,RTORRES
1000,2026,1900102152,5100,13986.50,MXN,RTORRES
1000,2026,1900102153,5100,166.68,MXN,RTORRES
1000,2026,1900102154,5100,2739.71,MXN,RTORRES
1000,2026,1900102155,5100,4752.80,MXN,RTORRES
1000,2026,1900102156,5100,11888.49,MXN,RTORRES
1000,2026,1900102157,5100,4894.57,MXN,RTORRES
1000,2026,1900102158,5100,4946.86,MXN,RTORRES
1000,2026,1900102159,5100,4818.45,MXN,RTORRES
1000,2026,1900102160,5100,4883.71,MXN,RTORRES
1000,2026,1900102161,5100,1161.52,MXN,RTORRES
1000,2026,1900102162,5100,4522.10,MXN,RTORRES
1000,2026,1900102163,5100,10774.96,MXN,RTORRES
1000,2026,1900102164,5100,4875.59,MXN,RTORRES
1000,2026,1900102165,5100,1955.99,MXN,RTORRES
1000,2026,1900102166,5100,4629.11,MXN,RTORRES
1000,2026,1900102167,5100,4758.88,MXN,RTORRES
1000,2026,1900102168,5100,4787.04,MXN,RTORRES
1000,2026,1900102169,5100,4695.18,MXN,RTORRES
1000,2026,1900102170,5100,5831.36,MXN,RTORRES
1000,2026,1900102171,5100,4672.14,MXN,RTORRES
1000,2026,1900102172,5100,4552.17,MXN,RTORRES
1000,2026,1900102173,5100,4979.90,MXN,RTORRES
1000,2026,1900102174,5100,4969.40,MXN,RTORRES
1000,2026,1900102175,5100,4655.63,MXN,RTORRES
1000,2026,1900102176,5100,4603.23,MXN,RTORRES
1000,2026,1900102177,5100,4737.61,MXN,RTORRES
1000,2026,1900102178,5100,4847.68,MXN,RTORRES
1000,2026,1900102179,5100,4649.83,MXN,RTORRES
1000,2026,1900102180,5100,221.44,MXN,RTORRES
1000,2026,1900102181,5100,8788.40,MXN,RTORRES
1000,2026,1900102182,5100,311.22,MXN,RTORRES
1000,2026,1900102183,5100,539.19,MXN,RTORRES
1000,2026,1900102184,5100,4579.91,MXN,RTORRES
1000,2026,1900102185,5100,4978.27,MXN,RTORRES
1000,2026,1900102186,5100,4702.12,MXN,RTORRES
1000,2026,1900102187,5100,4819.60,MXN,RTORRES
1000,2026,1900102188,5100,4514.57,MXN,RTORRES
1000,2026,1900102189,5100,4598.46,MXN,RTORRES
1000,2026,1900102190,5100,4694.03,MXN,RTORRES
1000,2026,1900102191,5100,414.34,MXN,RTORRES
1000,2026,1900102192,5100,26680.22,MXN,RTORRES
1000,2026,1900102193,5100,4550.77,MXN,RTORRES
1000,2026,1900102194,5100,363.81,MXN,RTORRES
1000,2026,1900102195,5100,4728.32,MXN,RTORRES
1000,2026,1900102196,5100,4930.46,MXN,RTORRES
1000,2026,1900102197,5100,4818.92,MXN,RTORRES
1000,2026,1900102198,5100,4805.04,MXN,RTORRES
1000,2026,1900102199,5100,4673.61,MXN,RTORRES
1000,2026,1900102200,5100,7113.58,MXN,RTORRES
1000,2026,1900102201,5100,13120.94,MXN,RTORRES
1000,2026,1900102202,5100,4806.63,MXN,RTORRES
1000,2026,1900102203,5100,4566.84,MXN,RTORRES
1000,2026,1900102204,5100,4652.38,MXN,RTORRES
1000,2026,1900102205,5100,4846.02,MXN,RTORRES
1000,2026,1900102206,5100,4708.70,MXN,RTORRES
1000,2026,1900102207,5100,4691.47,MXN,RTORRES
1000,2026,1900102208,5100,4817.12,MXN,RTORRES
1000,2026,1900102209,5100,8625.42,MXN,RTORRES
1000,2026,1900102210,5100,4621.02,MXN,RTORRES
1000,2026,1900102211,5100,4570.01,MXN,RTORRES
1000,2026,1900102212,5100,4725.05,MXN,RTORRES
1000,2026,1900102213,5100,4679.16,MXN,RTORRES
1000,2026,1900102214,5100,4568.13,MXN,RTORRES
1000,2026,1900102215,5100,77891.00,MXN,RTORRES
1000,2026,1900102216,5100,4746.99,MXN,RTORRES
1000,2026,1900102217,5100,1765.60,MXN,RTORRES
1000,2026,1900102218,5100,2924.82,MXN,RTORRES
1000,2026,1900102219,5100,4515.40,MXN,RTORRES
1000,2026,1900102220,5100,752.09,MXN,RTORRES
1000,2026,1900102221,5100,4768.27,MXN,RTORRES
1000,2026,1900102222,5100,4728.20,MXN,RTORRES
1000,2026,1900102223,5100,19849.92,MXN,RTORRES
1000,2026,1900102224,5100,4556.49,MXN,RTORRES
1000,2026,1900102225,5100,4886.78,MXN,RTORRES
1000,2026,1900102226,5100,1260.62,MXN,RTORRES
1000,2026,1900102227,5100,133.30,MXN,RTORRES
1000,2026,1900102228,5100,4355.72,MXN,RTORRES
1000,2026,1900102229,5100,202.88,MXN,RTORRES
1000,2026,1900102230,5100,17948.84,MXN,RTORRES
1000,2026,1900102231,5100,4998.66,MXN,RTORRES
1000,2026,1900102232,5100,4673.94,MXN,RTORRES
1000,2026,1900102233,5100,2075.92,MXN,RTORRES
1000,2026,1900102234,5100,21227.31,MXN,RTORRES
1000,2026,1900102235,5100,4904.54,MXN,RTORRES
1000,2026,1900102236,5100,4674.96,MXN,RTORRES
1000,2026,1900102237,5100,7912.47,MXN,RTORRES
1000,2026,1900102238,5100,4569.48,MXN,RTORRES
1000,2026,1900102239,5100,4603.26,MXN,RTORRES
1000,2026,1900102240,5100,4675.06,MXN,RTORRES
1000,2026,1900102241,5100,4768.85,MXN,RTORRES
1000,2026,1900102242,5100,4851.32,MXN,RTORRES
1000,2026,1900102243,5100,4633.40,MXN,RTORRES
1000,2026,1900102244,5100,90461.73,MXN,RTORRES
1000,2026,1900102245,5100,193.05,MXN,RTORRES
1000,2026,1900102246,5100,22754.81,MXN,RTORRES
1000,2026,1900102247,5100,94942.07,MXN,RTORRES
1000,2026,1900102248,5100,240.25,MXN,RTORRES
1000,2026,1900102249,5100,561.09,MXN,RTORRES
1000,2026,1900102250,5100,30580.56,MXN,RTORRES
1000,2026,1900102251,5100,10683.26,MXN,RTORRES
1000,2026,1900102252,5100,4788.14,MXN,RTORRES
1000,2026,1900102253,5100,4706.70,MXN,RTORRES
1000,2026,1900102254,5100,4816.18,MXN,RTORRES
1000,2026,1900102255,5100,190.23,MXN,RTORRES
1000,2026,1900102256,5100,4638.83,MXN,RTORRES
1000,2026,1900102257,5100,1280.01,MXN,RTORRES
1000,2026,1900102258,5100,959.11,MXN,RTORRES
1000,2026,1900102259,5100,4886.29,MXN,RTORRES
1000,2026,1900102260,5100,15588.19,MXN,RTORRES
1000,2026,1900102261,5100,4831.41,MXN,RTORRES
1000,2026,1900102262,5100,4531.60,MXN,RTORRES
1000,2026,1900102263,5100,4608.70,MXN,RTORRES
1000,2026,1900102264,5100,4605.71,MXN,RTORRES
1000,2026,1900102265,5100,4913.34,MXN,RTORRES
1000,2026,1900102266,5100,4788.39,MXN,RTORRES
1000,2026,1900102267,5100,4742.18,MXN,RTORRES
1000,2026,1900102268,5100,4840.59,MXN,RTORRES
1000,2026,1900102269,5100,4549.69,MXN,RTORRES
1000,2026,1900102270,5100,2391.91,MXN,RTORRES
1000,2026,1900102271,5100,4927.97,MXN,RTORRES
1000,2026,1900102272,5100,4500.34,MXN,RTORRES
1000,2026,1900102273,5100,404.53,MXN,RTORRES
1000,2026,1900102274,5100,248.74,MXN,RTORRES
1000,2026,1900102275,5100,4579.33,MXN,RTORRES
1000,2026,1900102276,5100,663.83,MXN,RTORRES
1000,2026,1900102277,5100,563.86,MXN,RTORRES
1000,2026,1900102278,5100,4951.00,MXN,RTORRES
1000,2026,1900102279,5100,4697.77,MXN,RTORRES
1000,2026,1900102280,5100,4849.02,MXN,RTORRES
1000,2026,1900102281,5100,4827.09,MXN,RTORRES
1000,2026,1900102282,5100,100.75,MXN,RTORRES
1000,2026,1900102283,5100,4566.22,MXN,RTORRES
1000,2026,1900102284,5100,4839.31,MXN,RTORRES
1000,2026,1900102285,5100,4847.10,MXN,RTORRES
1000,2026,1900102286,5100,92143.51,MXN,RTORRES
1000,2026,1900102287,5100,4565.96,MXN,RTORRES
1000,2026,1900102288,5100,4691.15,MXN,RTORRES
1000,2026,1900102289,5100,202.90,MXN,RTORRES
1000,2026,1900102290,5100,4939.61,MXN,RTORRES
1000,2026,1900102291,5100,4885.96,MXN,RTORRES
1000,2026,1900102292,5100,250.86,MXN,RTORRES
1000,2026,1900102293,5100,268.26,MXN,RTORRES
1000,2026,1900102294,5100,4504.23,MXN,RTORRES
1000,2026,1900102295,5100,2090.73,MXN,RTORRES
1000,2026,1900102296,5100,7660.20,MXN,RTORRES
1000,2026,1900102297,5100,4705.44,MXN,RTORRES
1000,2026,1900102298,5100,38009.10,MXN,RTORRES
1000,2026,1900102299,5100,4550.13,MXN,RTORRES
1000,2026,1900102300,5100,5871.13,MXN,RTORRES
